cpd_id	compound_name	name_queried	strategy	result_type	stored_inchikey	pubchem_inchikey	pubchem_cid	stored_smiles	pubchem_smiles	mismatch_detail
cpd09656	CGS 7181	C13836	kegg_xref	MISMATCH	HHZWHXHTVABHTP-UHFFFAOYSA-N	YMEXYIFTFLKKQK-UHFFFAOYSA-N	656759	CCOC(=O)C1C(=O)N(C(=O)Nc2ccc(C)cc2)c2cc(C(F)(F)F)ccc21	CCOC(=O)C1=C(N(C2=C1C=CC(=C2)C(F)(F)F)C(=O)NC3=CC=C(C=C3)C)O	IGNORE:tautomer (same canonical tautomer, stored form curated for biological relevance)
cpd10327	17beta-Hydroxy-2-hydroxymethylene-5alpha-androstan-3-one	C14628	kegg_xref	MISMATCH	YIWMQGFUDMPIHR-YNZDMMAESA-N	DKCLFTBKKHWBQS-CVEXGSQQSA-N	5355012	C[C@]12CC(C=O)=C(O)C[C@@H]1CC[C@@H]1[C@@H]2CC[C@]2(C)[C@@H](O)CC[C@@H]12	C[C@]12CC[C@H]3[C@H]([C@@H]1CC[C@@H]2O)CC[C@@H]4[C@@]3(C/C(=C/O)/C(=O)C4)C	IGNORE:tautomer (same canonical tautomer, stored form curated for biological relevance)
cpd10542	4-Bromophenol-2,3-epoxide	C14845	kegg_xref	MISMATCH	AXBNSRXSRRJVIX-UHFFFAOYSA-N	NIXDKVLCYSTGRG-UHFFFAOYSA-N	11954064	O=C1CC=C(Br)C2OC12	C1=C(C2C(O2)C(=C1)Br)O	IGNORE:tautomer (same canonical tautomer, stored form curated for biological relevance)
cpd10820	2,17beta-Dihydroxy-17-methylandrosta-1,4-dien-3-one	C15126	kegg_xref	MISMATCH	FGTXISRRKAWTCP-LUCRAQOWSA-N	LWCFGFNTFZFVOY-LUCRAQOWSA-N	16818	C[C@]12CC(=O)C(=O)C=C1CC[C@@H]1[C@@H]2CC[C@@]2(C)[C@H]1CC[C@]2(C)O	C[C@]12CC[C@H]3[C@H]([C@@H]1CC[C@]2(C)O)CCC4=CC(=O)C(=C[C@]34C)O	IGNORE:tautomer (same canonical tautomer, stored form curated for biological relevance)
cpd20782	C.I. Solvent Red 23	C19527	kegg_xref	MISMATCH	XYWSVVUQWNOHIU-KAJPWYIYSA-N	FHNINJWBTRXEBC-UHFFFAOYSA-N	62331	O=C1C=Cc2ccccc2C1=NN=C1C=CC(=NNc2ccccc2)C=C1	C1=CC=C(C=C1)N=NC2=CC=C(C=C2)N=NC3=C(C=CC4=CC=CC=C43)O	IGNORE:tautomer (same canonical tautomer, stored form curated for biological relevance)
cpd22006	3-deazaadenine	3-deazaadenine	name_lookup	MISMATCH	QIBLFAMJLVFXAT-UHFFFAOYSA-N	UHUHBFMZVCOEOV-UHFFFAOYSA-N	418745	Nc1[nH]ccc2ncnc1-2	C1=CN=C(C2=C1NC=N2)N	IGNORE:tautomer (same canonical tautomer, stored form curated for biological relevance)
cpd22605	4-hydroxy-5-methyl-2-propyl-3(2H)-furanone	HMPF	name_lookup	MISMATCH	YVWGXFKKGSQSAP-UHFFFAOYSA-N	DBYQGTLFSQKPCA-UHFFFAOYSA-N	12730529	CCCC1OC(C)C(=O)C1=O	CCCC1C(=O)C(=C(O1)C)O	IGNORE:tautomer (same canonical tautomer, stored form curated for biological relevance)
cpd22821	4-O-phosphohygromycin	4-O-phosphohygromycin	name_lookup	MISMATCH	SYTZKXOAVUXHFS-JEXNNBSLSA-O	DOGWFBOMPMPJRR-JDVAIWFUSA-O	44123391	C[NH2+][C@H]1C[C@@H]([NH3+])[C@H](O)[C@@H](O[C@@H]2O[C@H](CO)[C@H](O)[C@@H]3OC4(O[C@H]23)O[C@H]([C@H]([NH3+])CO)[C@H](O)[C@H](O)[C@H]4O)[C@@H]1OP(=O)([O-])[O-]	C[NH2+][C@H]1C[C@H]([C@@H]([C@H]([C@@H]1O)O[C@H]2[C@@H]3[C@H]([C@H]([C@H](O2)CO)O)OC4(O3)[C@H]([C@@H]([C@@H](C(O4)[C@@H](CO)[NH3+])O)O)O)OP(=O)([O-])[O-])[NH3+]	IGNORE:likely_tautomer (tanimoto=0.90, same formula, high structural similarity — likely resonance/tautomer not caught by RDKit enumerator)
cpd15072	1,7-Dimethyluric acid	C16356	kegg_xref	MISMATCH	XRPUBUICAWUBRI-UHFFFAOYSA-N	NOFNCLGCUJJPKU-UHFFFAOYSA-N	91611	Cn1c(O)c2c(nc1=O)[nH]c(=O)n2C	CN1C2=C(NC1=O)NC(=O)N(C2=O)C	IGNORE:tautomer (same canonical tautomer, stored form curated for biological relevance)
cpd15073	3,7-dihydro-3-methyl-1H-purine-2,6-dione	CHEBI:62208	chebi_xref	MISMATCH	HZOGTQYZAZGBAB-UHFFFAOYSA-N	GMSNIKWWOQHZGF-UHFFFAOYSA-N	70639	Cn1c(O)nc(O)c2ncnc1-2	CN1C2=C(C(=O)NC1=O)NC=N2	IGNORE:tautomer (same canonical tautomer, stored form curated for biological relevance)
cpd15075	1-Methyluric acid	C16359	kegg_xref	MISMATCH	HPLZOENSSCGMAW-UHFFFAOYSA-N	QFDRTQONISXGJA-UHFFFAOYSA-N	69726	Cn1c(O)c2[nH]c(=O)[nH]c2nc1=O	CN1C(=O)C2=C(NC(=O)N2)NC1=O	IGNORE:tautomer (same canonical tautomer, stored form curated for biological relevance)
cpd15077	1,3,7-Trimethylurate	CHEBI:691622	chebi_xref	MISMATCH	NEQLMYZAOIQDJS-UHFFFAOYSA-N	BYXCFUMGEBZDDI-UHFFFAOYSA-N	79437	Cn1c2c(O)n(C)c(=O)n(C)c-2nc1=O	CN1C2=C(NC1=O)N(C(=O)N(C2=O)C)C	IGNORE:tautomer (same canonical tautomer, stored form curated for biological relevance)
cpd16322	(5R)-3,4-Dihydroxy-5-(hydroxymethyl)furan-2(5H)-one	C06316	kegg_xref	MISMATCH	VDUKUSMQELWXGO-DPAZEOEGSA-N	ZZZCUOFIHGPKAK-UWTATZPHSA-N	54675775	O=C1O[C@H](CO)C(=O)C1O	C([C@@H]1C(=C(C(=O)O1)O)O)O	IGNORE:tautomer (same canonical tautomer, stored form curated for biological relevance)
cpd04861	1-Formal-2-indanone	C07726	kegg_xref	MISMATCH	AXBXSMCPLPEELD-UHFFFAOYSA-N	TTZVRMUMCHLXAS-UHFFFAOYSA-N	441323	O=CC1=C(O)Cc2ccccc21	C1C2=CC=CC=C2C(C1=O)C=O	IGNORE:tautomer (same canonical tautomer, stored form curated for biological relevance)
cpd05289	14,16-Hentriacontanedione	C08377	kegg_xref	MISMATCH	IGJMRBYUHVGGOR-UHFFFAOYSA-N	LZBJUTTUMRSJBP-UHFFFAOYSA-N	441489	CCCCCCCCCCCCCCCC(O)=CC(=O)CCCCCCCCCCCCC	CCCCCCCCCCCCCCCC(=O)CC(=O)CCCCCCCCCCCCC	IGNORE:tautomer (same canonical tautomer, stored form curated for biological relevance)
cpd05306	N-Tritriacontane-16,18-dione	C08394	kegg_xref	MISMATCH	JWZJPYQQEUUEJC-UHFFFAOYSA-N	BYKYTXUAKJDVPV-UHFFFAOYSA-N	154874	CCCCCCCCCCCCCCCC(=O)C=C(O)CCCCCCCCCCCCCCC	CCCCCCCCCCCCCCCC(=O)CC(=O)CCCCCCCCCCCCCCC	IGNORE:tautomer (same canonical tautomer, stored form curated for biological relevance)
cpd05341	Convicine	C08430	kegg_xref	MISMATCH	UIHFRLHSNDNWEH-LMXUVIFNSA-N	JJWYIMQKLTVAGZ-SYCVNHKBSA-N	88000	NC1=NC(=O)NC(=O)C1O[C@@H]1O[C@H](CO)[C@@H](O)[C@H](O)[C@H]1O	C([C@@H]1[C@H]([C@@H]([C@H]([C@@H](O1)OC2=C(NC(=O)NC2=O)N)O)O)O)O	IGNORE:tautomer (same canonical tautomer, stored form curated for biological relevance)
cpd38521	(+)-minovincinine	CHEBI:144371	chebi_xref	MISMATCH	UXHDPKGPDXVGAN-GFNGVGFXSA-O	BKMGDPNQILJWLI-ODVVLEEXSA-O	138911111	COC(=O)C1C[C@@]2([C@H](C)O)CCC[NH+]3CC[C@@]4(C1=Nc1ccccc14)[C@H]32	C[C@@H]([C@]12CCC[NH+]3[C@H]1[C@]4(CC3)C5=CC=CC=C5NC4=C(C2)C(=O)OC)O	IGNORE:tautomer (same canonical tautomer, stored form curated for biological relevance)
cpd38522	(-)-(R)-19-hydroxytabersonine	CHEBI:144372	chebi_xref	MISMATCH	XFHLIKVWUURUNF-WVLGWFRMSA-O	XDGRXQNYJMQLPU-VLCNGCBASA-O	138911113	COC(=O)C1C[C@]2([C@@H](C)O)C=CC[NH+]3CC[C@]4(C1=Nc1ccccc14)[C@@H]32	C[C@H]([C@]12CC(=C3[C@@]4([C@H]1[NH+](CC4)CC=C2)C5=CC=CC=C5N3)C(=O)OC)O	IGNORE:tautomer (same canonical tautomer, stored form curated for biological relevance)
cpd38523	(-)-minovincinine	CHEBI:144373	chebi_xref	MISMATCH	UXHDPKGPDXVGAN-WVLGWFRMSA-O	BKMGDPNQILJWLI-VLCNGCBASA-O	138911114	COC(=O)C1C[C@]2([C@@H](C)O)CCC[NH+]3CC[C@]4(C1=Nc1ccccc14)[C@@H]32	C[C@H]([C@@]12CCC[NH+]3[C@@H]1[C@@]4(CC3)C5=CC=CC=C5NC4=C(C2)C(=O)OC)O	IGNORE:tautomer (same canonical tautomer, stored form curated for biological relevance)
cpd38524	3-(methoxycarbonyl)-5alpha,6alpha,7alpha,12beta,19alpha-2,3-didehydro-6,7-epoxyaspidospermidin-9-ium	CHEBI:144374	chebi_xref	MISMATCH	MGFCUMGVVWKLOT-RZXRRTSOSA-O	AUVZFRDLRJQTQF-KXEYLTKFSA-O	138911115	CC[C@@]12CC(C(=O)OC)C3=Nc4ccccc4[C@@]34CC[NH+](C[C@@H]3O[C@@H]31)[C@@H]24	CC[C@]12CC(=C3[C@@]4([C@H]1[NH+](CC4)C[C@H]5[C@@H]2O5)C6=CC=CC=C6N3)C(=O)OC	IGNORE:tautomer (same canonical tautomer, stored form curated for biological relevance)
cpd38525	horhammericine	CHEBI:144375	chebi_xref	MISMATCH	HBTLQMKVKXQBDG-UFFZZFBNSA-O	QVNXPWJNUKKMHP-JJGNIUBRSA-O	138911116	COC(=O)C1C[C@]2([C@@H](C)O)[C@H]3O[C@H]3C[NH+]3CC[C@]4(C1=Nc1ccccc14)[C@@H]32	C[C@H]([C@]12CC(=C3[C@@]4([C@H]1[NH+](CC4)C[C@H]5[C@@H]2O5)C6=CC=CC=C6N3)C(=O)OC)O	IGNORE:tautomer (same canonical tautomer, stored form curated for biological relevance)
cpd38526	(20R)-20-acetoxy-3-(methoxycarbonyl)-5alpha,6alpha,7alpha,12beta,19alpha-2,3-didehydro-6,7-epoxyaspidospermidin-9-ium	CHEBI:144376	chebi_xref	MISMATCH	JCMHPGPWACBRNN-MBFAKCKXSA-O	UHJSNZNSAVJLSA-TZQKRGQNSA-O	138911117	COC(=O)C1C[C@]2([C@@H](C)OC(C)=O)[C@H]3O[C@H]3C[NH+]3CC[C@]4(C1=Nc1ccccc14)[C@@H]32	C[C@H]([C@]12CC(=C3[C@@]4([C@H]1[NH+](CC4)C[C@H]5[C@@H]2O5)C6=CC=CC=C6N3)C(=O)OC)OC(=O)C	IGNORE:tautomer (same canonical tautomer, stored form curated for biological relevance)
cpd38527	(-)-(R)-19-O-acetyltabersonine	CHEBI:144377	chebi_xref	MISMATCH	FQHIMEKYPUAPEC-CYVWRXBGSA-O	YBXUUELSZBVEKX-HZTRNQAASA-O	138911119	COC(=O)C1C[C@]2([C@@H](C)OC(C)=O)C=CC[NH+]3CC[C@]4(C1=Nc1ccccc14)[C@@H]32	C[C@H]([C@]12CC(=C3[C@@]4([C@H]1[NH+](CC4)CC=C2)C5=CC=CC=C5N3)C(=O)OC)OC(=O)C	IGNORE:tautomer (same canonical tautomer, stored form curated for biological relevance)
cpd38529	(+)-echitovenine	CHEBI:144379	chebi_xref	MISMATCH	GSTXRAGWDUTGRZ-VGOVMXEDSA-O	UELNVPGLHDEZFM-WWGYGDJHSA-O	138911120	COC(=O)C1C[C@@]2(C(C)OC(C)=O)CCC[NH+]3CC[C@@]4(C1=Nc1ccccc14)[C@H]32	CC([C@]12CCC[NH+]3[C@H]1[C@]4(CC3)C5=CC=CC=C5NC4=C(C2)C(=O)OC)OC(=O)C	IGNORE:tautomer (same canonical tautomer, stored form curated for biological relevance)
cpd38530	(-)-echitovenine	CHEBI:144384	chebi_xref	MISMATCH	GSTXRAGWDUTGRZ-CYVWRXBGSA-O	UELNVPGLHDEZFM-HZTRNQAASA-O	138911122	COC(=O)C1C[C@]2([C@@H](C)OC(C)=O)CCC[NH+]3CC[C@]4(C1=Nc1ccccc14)[C@@H]32	C[C@H]([C@@]12CCC[NH+]3[C@@H]1[C@@]4(CC3)C5=CC=CC=C5NC4=C(C2)C(=O)OC)OC(=O)C	IGNORE:tautomer (same canonical tautomer, stored form curated for biological relevance)
cpd38624	betaenone C	CHEBI:145053	chebi_xref	MISMATCH	RUGKNKGNYSOEHT-HBKHSIGZSA-N	YRYPVWAJOMXOHH-ITBWMFDCSA-N	23244602	CC[C@@H](C)[C@@H]1[C@](C)(C(O)=CC=O)[C@H]2[C@H](C)C[C@@](C)(O)C[C@@H]2C(=O)[C@@]1(C)O	CC[C@@H](C)[C@@H]1[C@]([C@H]2[C@@H](C[C@@](C[C@@H]2C(=O)[C@@]1(C)O)(C)O)C)(C)C(=O)/C=C\O	IGNORE:tautomer (same canonical tautomer, stored form curated for biological relevance)
cpd38626	(1S,2S,4R,6R,7S,8R,10Z,11S,12R)-12-[(2R)-butan-2-yl]-1,4,11-trihydroxy-10-(hydroxymethylene)-4,6,8,11-tetramethyltricyclo[6.2.2.0(2,7)]dodecan-9-one	CHEBI:145055	chebi_xref	MISMATCH	PJDBVYGVTLGKPD-QEHGZDKRSA-N	FHJXKTOXQHRDTL-PSWVRJCXSA-N	102093872	CC[C@@H](C)[C@@H]1[C@]2(C)C(O)=C(C=O)[C@@](O)([C@H]3C[C@](C)(O)C[C@@H](C)[C@@H]32)[C@@]1(C)O	CC[C@@H](C)[C@@H]1[C@]2([C@H]3[C@@H](C[C@@](C[C@@H]3[C@@]([C@@]1(C)O)(/C(=C/O)/C2=O)O)(C)O)C)C	IGNORE:tautomer (same canonical tautomer, stored form curated for biological relevance)
cpd38627	dehydroprobetaenone I	CHEBI:145061	chebi_xref	MISMATCH	YTDZYFKKPYAZEE-YDGZXZOGSA-N	BINVZINZKJFBTL-QQJLSPJJSA-N	139291715	CC[C@@H](C)[C@H]1C(C)=C[C@H]2C[C@@H](C)C[C@@H](C)[C@@H]2[C@@]1(C)C(O)=CC=O	CC[C@@H](C)[C@H]1C(=C[C@H]2C[C@H](C[C@H]([C@@H]2[C@@]1(C)C(=O)/C=C\O)C)C)C	IGNORE:tautomer (same canonical tautomer, stored form curated for biological relevance)
cpd38630	epoxybetaenone	CHEBI:145069	chebi_xref	MISMATCH	PXUDDXPBZDEGAF-QMJXDUBLSA-N	HZOURVGPGTYAHC-VUMBTFJMSA-N	139291716	CC[C@@H](C)[C@H]1[C@]2(C)O[C@@H]2[C@H]2C[C@@H](C)C[C@@H](C)[C@@H]2[C@@]1(C)/C(O)=C/C=O	CC[C@@H](C)[C@@H]1[C@]([C@H]2[C@@H](C[C@@H](C[C@@H]2[C@@H]3[C@]1(O3)C)C)C)(C)C(=O)/C=C\O	IGNORE:tautomer (same canonical tautomer, stored form curated for biological relevance)
cpd38631	(2S,3R,4R,4aS,5R,7R,8aS)-2,7-dihydroxy-3-[(2R)-1-hydroxybutan-2-yl]-4-[(2Z)-3-hydroxyprop-2-enoyl]-2,4,5,7-tetramethyloctahydronaphthalen-1(2H)-one	CHEBI:145070	chebi_xref	MISMATCH	UYIODFVERZGSJU-BSXWIJKXSA-N	YRECHDUAXCBBOZ-HOCCXODSSA-N	6440666	CC[C@@H](CO)[C@@H]1[C@](C)(C(O)=CC=O)[C@H]2[C@H](C)C[C@@](C)(O)C[C@@H]2C(=O)[C@@]1(C)O	CC[C@@H](CO)[C@@H]1[C@]([C@H]2[C@@H](C[C@@](C[C@@H]2C(=O)[C@@]1(C)O)(C)O)C)(C)C(=O)/C=C\O	IGNORE:tautomer (same canonical tautomer, stored form curated for biological relevance)
cpd05545	Tingenone	C08638	kegg_xref	MISMATCH	HAAOYRFPRMWJNB-GMIFGOKCSA-N	WSTYNZDAOAEEKG-QSPBTJQRSA-N	441687	CC1C(=O)C(=O)C=C2C1=CC=C1[C@@]2(C)CC[C@]2(C)[C@@H]3C[C@@H](C)C(=O)C[C@]3(C)CC[C@@]12C	C[C@@H]1C[C@@H]2[C@@](CC[C@@]3([C@@]2(CC[C@@]4(C3=CC=C5C4=CC(=O)C(=C5C)O)C)C)C)(CC1=O)C	IGNORE:tautomer (same canonical tautomer, stored form curated for biological relevance)
cpd05655	Bruceantinol	C08750	kegg_xref	MISMATCH	LZGQSBMUOUHYJP-FSKXZQRUSA-N	SREUSBYRKOPNJK-AJPRWBMOSA-N	5281305	COC(=O)[C@@]12OC[C@]34[C@H]([C@@H](O)[C@@H]1O)[C@@]1(C)CC(=O)C(=O)C(C)[C@@H]1C[C@H]3OC(=O)[C@H](OC(=O)/C=C(\C)C(C)(C)OC(C)=O)[C@@H]24	CC1=C(C(=O)C[C@]2([C@H]1C[C@@H]3[C@]45[C@@H]2[C@H]([C@@H]([C@]([C@@H]4[C@H](C(=O)O3)OC(=O)/C=C(\C)/C(C)(C)OC(=O)C)(OC5)C(=O)OC)O)O)C)O	IGNORE:tautomer (same canonical tautomer, stored form curated for biological relevance)
cpd05712	11-Deoxocucurbitacin I	C08807	kegg_xref	MISMATCH	XISBPIKSYOIZBG-CTYMYLBISA-N	PTCAIPUXGKZZBJ-CTYMYLBISA-N	5281324	CC(C)(O)/C=C/C(=O)[C@](C)(O)[C@H]1[C@H](O)C[C@@]2(C)[C@@H]3CC=C4[C@@H](CC(=O)C(=O)C4(C)C)[C@]3(C)CC[C@]12C	C[C@@]12CC[C@@]3([C@H]([C@@H](C[C@]3([C@@H]1CC=C4[C@H]2C=C(C(=O)C4(C)C)O)C)O)[C@](C)(C(=O)/C=C/C(C)(C)O)O)C	IGNORE:tautomer (same canonical tautomer, stored form curated for biological relevance)
cpd05714	Spinoside A	C08809	kegg_xref	MISMATCH	DWIRGRHFCBVTLO-OCCINUARSA-N	UODJOGKPOAZZHT-OCCINUARSA-N	5281325	CC(=O)O[C@H]1[C@H](O[C@@H]2C[C@@]3(C)[C@@H]4CC=C5[C@@H](CC(=O)C(=O)C5(C)C)[C@]4(C)CC[C@]3(C)[C@H]2[C@@](C)(O)C(=O)/C=C/C(C)(C)O)OC[C@H](OC(C)=O)[C@@H]1O	CC(=O)O[C@H]1CO[C@H]([C@@H]([C@H]1O)OC(=O)C)O[C@@H]2C[C@]3([C@@H]4CC=C5[C@H]([C@@]4(CC[C@@]3([C@H]2[C@](C)(C(=O)/C=C/C(C)(C)O)O)C)C)C=C(C(=O)C5(C)C)O)C	IGNORE:tautomer (same canonical tautomer, stored form curated for biological relevance)
cpd05757	Decogenin 3-O-alpha-L-oleandroside	C08860	kegg_xref	MISMATCH	VWVNEVMJJOFEPL-PPBUWAHCSA-N	QKBSRWIVHXFMNA-OEKLXEDWSA-N	441854	CO[C@H]1C[C@H](O[C@H]2CC[C@]3(C)C4C(=O)C(=O)[C@]5(C)[C@@H](C6=CC(=O)OC6)CC[C@]5(O)[C@@H]4CC[C@@H]3C2)O[C@@H](C)[C@@H]1O	C[C@H]1[C@@H]([C@H](C[C@@H](O1)O[C@H]2CC[C@]3([C@@H](C2)CC[C@@H]4C3=C(C(=O)[C@]5([C@@]4(CC[C@@H]5C6=CC(=O)OC6)O)C)O)C)OC)O	IGNORE:tautomer (same canonical tautomer, stored form curated for biological relevance)
cpd06090	Taxodione	C09194	kegg_xref	MISMATCH	LJKNHENDBZNLIQ-RUTXASTPSA-N	FNNZMRSRVYUVQT-AZUAARDMSA-N	73588	CC(C)C1=CC2=CC(=O)[C@H]3C(C)(C)CCC[C@]3(C)C2C(=O)C1=O	CC(C)C1=CC2=CC(=O)[C@@H]3[C@@](C2=C(C1=O)O)(CCCC3(C)C)C	IGNORE:tautomer (same canonical tautomer, stored form curated for biological relevance)
cpd06092	6,11-Dihydroxyabieta-7,9(11),13-trien-12-one	C09196	kegg_xref	MISMATCH	DTWMMKITSJUZQU-VTXJOHAHSA-N	QEAIMIKGLGBTSA-ADLFWFRXSA-N	275528	CC(C)C1=CC2=C[C@H](O)[C@H]3C(C)(C)CCC[C@]3(C)C2C(=O)C1=O	CC(C)C1=CC2=C[C@@H]([C@@H]3[C@@](C2=C(C1=O)O)(CCCC3(C)C)C)O	IGNORE:tautomer (same canonical tautomer, stored form curated for biological relevance)
cpd06410	Multiradiatin	C09515	kegg_xref	MISMATCH	AWRSDYORGGKIRQ-HYJFEMIMSA-N	AUJNARNSAAQNAK-WWHLYTOASA-N	442284	C=C1C(=O)O[C@@H]2C(=O)C(C)=C3CCC(=O)[C@@]3(C)[C@@H](OC(=O)C=C(C)C)[C@H]12	C[C@H]1[C@@H]2C=CC(=O)[C@]2([C@H]([C@H]3[C@@H](C1=O)OC(=O)C3=C)OC(=O)C=C(C)C)C	IGNORE:tautomer (same canonical tautomer, stored form curated for biological relevance)
cpd06411	Multistatin	C09516	kegg_xref	MISMATCH	ZZCNFULLXFEOEY-POBAEAHQSA-N	YPIMMVOHCVOXKT-SHJUBZLESA-N	5281487	C=C1C(=O)O[C@@H]2C(=O)C(C)=C3CCC(=O)[C@@]3(C)[C@@H](OC(=O)/C(C)=C/C)[C@H]12	C/C=C(\C)/C(=O)O[C@H]1[C@H]2[C@@H](C(=O)[C@H]([C@H]3[C@]1(C(=O)C=C3)C)C)OC(=O)C2=C	IGNORE:tautomer (same canonical tautomer, stored form curated for biological relevance)
cpd08490	4,21-Dehydrocorynantheine aldehyde	C11679	kegg_xref	MISMATCH	WQHITQXKXQBIPT-YGNUYKAGSA-N	ALAYFJAHDKALQW-AXHNFQJDSA-O	11953961	C=C[C@H]1C=[N+]2CCc3c([nH]c4ccccc34)[C@@H]2C[C@@H]1C(C=O)C(=O)OC	COC(=O)/C(=C\O)/[C@H]1C[C@H]2C3=C(CC[N+]2=C[C@@H]1C=C)C4=CC=CC=C4N3	IGNORE:tautomer (same canonical tautomer, stored form curated for biological relevance)
cpd08838	Nanchangmycin	C12047	kegg_xref	MISMATCH	CYGWTJMCJJCQOD-YIQDADEHSA-M	UFQXFJJSBICVNO-BMSLWYEYSA-N	56928075	CO[C@H]1CC[C@@H](O[C@H]2C[C@H]([C@]3(C)CC[C@]4(C[C@H](O)[C@@H](C)[C@@H]([C@@H](C)/C=C(\C)C(=O)[C@H](C)C[C@H](C)C(=O)[O-])O4)O3)O[C@]3(O[C@@H]([C@H]4O[C@@](O)(CO)[C@H](C)C[C@@H]4C)C[C@@H]3C)[C@@H]2C)O[C@H]1C.[NaH]	C[C@H]1C[C@H]([C@@](O[C@@H]1[C@H]2C[C@@H]([C@@]3(O2)[C@@H]([C@H](C[C@@H](O3)[C@@]4(CC[C@@]5(O4)C[C@@H]([C@H]([C@H](O5)[C@@H](C)/C=C(\C)/C(=O)[C@H](C)C[C@H](C)C(=O)O)C)O)C)O[C@@H]6CC[C@@H]([C@@H](O6)C)OC)C)C)(CO)O)C.[Na]	IGNORE:likely_tautomer (tanimoto=0.89, same formula, high structural similarity — likely resonance/tautomer not caught by RDKit enumerator)
cpd08887	Thiotropocin	C12105	kegg_xref	MISMATCH	DQGOJKVIMNNGAH-UHFFFAOYSA-N	RWJXTYSZCDAMCD-UHFFFAOYSA-N	55977	O=c1osc2c(=S)cccc(O)c12	C1=CC(=O)C2=C(C(=C1)S)SOC2=O	IGNORE:tautomer (same canonical tautomer, stored form curated for biological relevance)
cpd04112	5,6-Dihydroxy-3-methyl-2-oxo-1,2-dihydroquinoline	CHEBI:16937	chebi_xref	MISMATCH	KHOXNJXQHSMUJN-UHFFFAOYSA-N	IYHQVDIUZANYNW-UHFFFAOYSA-N	5460068	CC1C=C2C(=O)C(O)=CC=C2NC1=O	CC1=CC2=C(C=CC(=C2O)O)NC1=O	IGNORE:tautomer (same canonical tautomer, stored form curated for biological relevance)
cpd04579	Oxymetholone	C07393	kegg_xref	MISMATCH	PUQUTIRPHMRPJS-IYRCEVNGSA-N	ICMWWNHDUZJFDW-DHODBPELSA-N	5281034	C[C@]12CC(C=O)=C(O)C[C@@H]1CC[C@@H]1[C@@H]2CC[C@@]2(C)[C@H]1CC[C@]2(C)O	C[C@]12CC[C@H]3[C@H]([C@@H]1CC[C@]2(C)O)CC[C@@H]4[C@@]3(C/C(=C/O)/C(=O)C4)C	IGNORE:tautomer (same canonical tautomer, stored form curated for biological relevance)
cpd46418	ferric vibriobactin	ferric vibriobactin	name_lookup	MISMATCH	NXBTVYTZNBTCOA-VBIAIPROSA-H	XCZXQZJLNMPXIV-VBIAIPROSA-H	50909840	C[C@@H]1OC2=N[C@H]1C(=O)NCCCN1CCCNC(=O)c3cccc4c3O[Fe+3]35(O4)(Oc4cccc2c4O3)Oc2cccc(c2O5)C2=N[C@H](C1=O)[C@@H](C)O2	C[C@H]1[C@@H](N=C(O1)C2=C(C(=CC=C2)[O-])[O-])C(=O)NCCCN(CCCNC(=O)C3=C(C(=CC=C3)[O-])[O-])C(=O)[C@@H]4[C@H](OC(=N4)C5=C(C(=CC=C5)[O-])[O-])C.[Fe+3]	IGNORE:ring_chain_tautomer (O-rings 7->2, stored form is biologically correct)
cpd46522	3,6-dichloro-2,5-pyridinol	3,6-dichloro-2,5-pyridinol	name_lookup	MISMATCH	OCLFTQKGVGFJQT-UHFFFAOYSA-N	NMDKZMIQHHSAFC-UHFFFAOYSA-N	137700802	O=C1NC(Cl)C(=O)C=C1Cl	C1=C(C(=O)NC(=C1O)Cl)Cl	IGNORE:tautomer (same canonical tautomer, stored form curated for biological relevance)
cpd46620	aspulvinone G	aspulvinone G	name_lookup	MISMATCH	LYLYJIOHMZZUCM-UHFFFAOYSA-N	LNJMXTRRBBPZDK-AUWJEWJLSA-N	56928062	O=C1OC(=Cc2ccc(O)cc2)C(=O)C1c1ccc(O)cc1O	C1=CC(=CC=C1/C=C\2/C(=C(C(=O)O2)C3=C(C=C(C=C3)O)O)O)O	IGNORE:tautomer (same canonical tautomer, stored form curated for biological relevance)
cpd19605	AP	C18340	kegg_xref	MISMATCH	FFTKQFLZFAQOQG-KOEJALBTSA-L	ACFGRWJEQJVZTM-LEJBHHMKSA-L	54679072	O=C1O[C@H]([C@@H](O)CO)C(=O)C1OP(=O)([O-])[O-].[Mg+2]	C([C@@H]([C@@H]1C(=C(C(=O)O1)OP(=O)([O-])[O-])O)O)O.[Mg+2]	IGNORE:tautomer (same canonical tautomer, stored form curated for biological relevance)
cpd19631	Sodium iodate	C18366	kegg_xref	MISMATCH	KPHCGMJVZXUBMV-UHFFFAOYSA-N	WTCBONOLBHEDIL-UHFFFAOYSA-M	23675764	[Na+].[O-][I+2]([O-])[O-]	[O-]I(=O)=O.[Na+]	IGNORE:tautomer (same canonical tautomer, stored form curated for biological relevance)
cpd20027	Sodium chlorate	C18765	kegg_xref	MISMATCH	GQMRMFTXVUMSAU-UHFFFAOYSA-N	YZHUMGUJCQRKBT-UHFFFAOYSA-M	516902	[Na+].[O-][Cl+2]([O-])[O-]	[O-]Cl(=O)=O.[Na+]	IGNORE:tautomer (same canonical tautomer, stored form curated for biological relevance)
cpd30774	(2<i>E</i>,4<i>E</i>,6<i>E</i>)-7-hydroxy-4-methylhepta-2,4,6-trienal	CHEBI:67191	chebi_xref	MISMATCH	OGPHOJRFHRWEEZ-MSGXFJBMSA-N	TYQZWSFEJJSSQR-YUHMVAQCSA-N	70678836	CC(/C=C/C=O)=C\CC=O	C/C(=C\C=C\O)/C=C/C=O	IGNORE:tautomer (same canonical tautomer, stored form curated for biological relevance)
cpd31007	1-(4-Hydroxyphenylazo)-2-naphthol	C20281	kegg_xref	MISMATCH	DESSBFYEWJUENB-UHFFFAOYSA-N	VFCMIQSRZVLDRW-UHFFFAOYSA-N	167212	O=C1C=CC(=NNc2c(O)ccc3ccccc23)C=C1	C1=CC=C2C(=C1)C=CC(=C2N=NC3=CC=C(C=C3)O)O	IGNORE:tautomer (same canonical tautomer, stored form curated for biological relevance)
cpd31008	1-(4-Hydroxyphenylazo)-naphthalene-2,6-diol	C20282	kegg_xref	MISMATCH	QARMLIUGXOTTOR-UHFFFAOYSA-N	AKAPJADGYIGRPD-UHFFFAOYSA-N	136242437	O=C1C=CC(=NNc2c(O)ccc3cc(O)ccc23)C=C1	C1=CC(=CC=C1N=NC2=C(C=CC3=C2C=CC(=C3)O)O)O	IGNORE:tautomer (same canonical tautomer, stored form curated for biological relevance)
cpd31009	1-(3,4-Dihydroxyphenylazo)-2-naphthol	C20283	kegg_xref	MISMATCH	XTAXVTVYTSBQAY-UHFFFAOYSA-N	SBQMYKDRQXVKJM-UHFFFAOYSA-N	136235018	O=C1C=CC(=NNc2c(O)ccc3ccccc23)C=C1O	C1=CC=C2C(=C1)C=CC(=C2N=NC3=CC(=C(C=C3)O)O)O	IGNORE:tautomer (same canonical tautomer, stored form curated for biological relevance)
cpd31210	(-)-Fusaproliferin	C20591	kegg_xref	MISMATCH	GPCSFXDBOKPNCK-WAKBCBSJSA-N	VRGWBRLULZUWAJ-UEWDWXLZSA-N	6506535	CC(=O)OC[C@@H](C)C1C(=O)C(=O)[C@@]2(C)C/C=C(\C)CC/C=C(\C)CC[C@H](O)/C(C)=C/C[C@H]12	C/C/1=C\CC/C(=C/C[C@]2([C@H](C/C=C(/[C@H](CC1)O)\C)C(=C(C2=O)O)[C@H](C)COC(=O)C)C)/C	IGNORE:tautomer (same canonical tautomer, stored form curated for biological relevance)
cpd31414	andilesin D	andilesin D	name_lookup	MISMATCH	HCZMDMWUWWWPFU-SJCPBWDLSA-N	MLOIPFPOSFHITC-NPEZIVKXSA-N	91819736	CC1(C)OC(=O)C=C[C@@]2(C)[C@H]1CC[C@]13C[C@]4(C)C(=O)[C@](C)(C[C@@H]21)[C@]31COC(=O)C1=C4O	C[C@@]12C[C@H]3[C@]4(C=CC(=O)OC([C@@H]4CC[C@@]35[C@@]16COC(=O)[C@H]6C(=O)[C@](C5)(C2=O)C)(C)C)C	IGNORE:tautomer (same canonical tautomer, stored form curated for biological relevance)
cpd31580	3,5,7,9,11,13,15,17,19-nonaoxohenicosanoate	3,5,7,9,11,13,15,17,19-nonaoxohenicosanoate	name_lookup	MISMATCH	SEPXPWOAJAMFQP-UHFFFAOYSA-M	PURNWHCCRVOHRA-UHFFFAOYSA-M	102514926	CCC(O)=CC(=O)CC(=O)CC(=O)CC(=O)CC(=O)CC(=O)CC(=O)CC(=O)CC(=O)[O-]	CCC(=O)CC(=O)CC(=O)CC(=O)CC(=O)CC(=O)CC(=O)CC(=O)CC(=O)CC(=O)[O-]	IGNORE:tautomer (same canonical tautomer, stored form curated for biological relevance)
cpd31851	reduced coenzyme F420-0	reduced factor 420-0	name_lookup	MISMATCH	CHFAVBLYYVMBND-DTCBKJPSSA-L	WURYRBDSLRFOSU-GQPBWUKJSA-L	91819799	C[C@H](OP(=O)([O-])OC[C@@H](O)[C@@H](O)[C@@H](O)CN1C2=NC(=O)NC(=O)C2Cc2ccc(O)cc21)C(=O)[O-]	C[C@@H](C(=O)[O-])OP(=O)([O-])OC[C@H]([C@H]([C@H](CN1C2=C(CC3=C1NC(=O)NC3=O)C=CC(=C2)O)O)O)O	IGNORE:tautomer (same canonical tautomer, stored form curated for biological relevance)
cpd31921	3,5-dioxodecanoyl-CoA	3,5-dioxodecanoyl-CoA	name_lookup	MISMATCH	HKARBOJODOFSOJ-HSJNEKGZSA-J	CFIAMSAKPMQXNK-HSJNEKGZSA-J	90657355	CCCCCC(O)=CC(=O)CC(=O)SCCNC(=O)CCNC(=O)[C@H](O)C(C)(C)COP(=O)([O-])OP(=O)([O-])OC[C@H]1O[C@@H](n2cnc3c(N)ncnc32)[C@H](O)[C@@H]1OP(=O)([O-])[O-]	CCCCCC(=O)CC(=O)CC(=O)SCCNC(=O)CCNC(=O)[C@@H](C(C)(C)COP(=O)([O-])OP(=O)([O-])OC[C@@H]1[C@H]([C@H]([C@@H](O1)N2C=NC3=C(N=CN=C32)N)O)OP(=O)([O-])[O-])O	IGNORE:tautomer (same canonical tautomer, stored form curated for biological relevance)
cpd32049	azinomycin B	azinomycin B	name_lookup	MISMATCH	IQWCLIQEHUJVMV-GWRXLGHJSA-N	QIKVYJOCQXXRSJ-PKDLRSQSSA-N	14476972	COc1cc(C(=O)O[C@H](C(=O)N/C(C(=O)NC(C=O)=C(C)O)=C2\[C@@H](OC(C)=O)[C@H](O)[C@@H]3CN23)[C@]2(C)CO2)c2cccc(C)c2c1	CC1=C2C=C(C=C(C2=CC=C1)C(=O)O[C@H](C(=O)N/C(=C/3\[C@H]([C@@H]([C@H]4N3C4)O)OC(=O)C)/C(=O)N/C(=C\O)/C(=O)C)[C@@]5(CO5)C)OC	IGNORE:tautomer (same canonical tautomer, stored form curated for biological relevance)
cpd11318	Leinamycin	C15677	kegg_xref	MISMATCH	GINFACNXJRAECC-NVLDYPSISA-N	ZHTRILQJTPJGNK-FYBAATNNSA-N	9849230	C/C1=C\C(=O)C(=O)CC/C=C\c2csc(n2)[C@@H](C)NC(=O)C[C@@]2(CC1)S(=O)SC(=O)[C@]2(C)O	C[C@@H]1C2=NC(=CS2)/C=C\C=C\C(=O)[C@@H](/C=C(/CC[C@@]3(CC(=O)N1)[C@@](C(=O)SS3=O)(C)O)\C)O	IGNORE:tautomer (same canonical tautomer, stored form curated for biological relevance)
cpd11407	Halstoctacosanolide A	C15766	kegg_xref	MISMATCH	UOHCPNKBCFDEOG-YFOVHLEMSA-N	GQHNSYURZJAIPC-IFGCVEQJSA-N	10259958	CCC(O)C(C)C(O)CC(O)C(O)/C=C(\C)CC(C)C1CC(O)C(C)/C=C/C=C/CC(C)C(=O)CC2CCC(C)C(O)(C/C=C(C)\C=C(/C)C(=O)C(=O)CC(C)C(=O)O1)O2	CCC(C(C)C(CC(C(/C=C(\C)/CC(C)C1CC(C(/C=C/C=C/CC(C(=O)CC2CCC(C(O2)(C/C=C(\C=C(\C(C(=O)/C=C(/C(=O)O1)\C)O)/C)/C)O)C)C)C)O)O)O)O)O	IGNORE:tautomer (same canonical tautomer, stored form curated for biological relevance)
cpd00532	(O2)(.-)	CHEBI:18421	chebi_xref	MISMATCH	MXDZWXWHPVATGF-UHFFFAOYSA-N	OUUQCZGPVNCOIJ-UHFFFAOYSA-M	5359597	[O][O-]	[O-][O]	IGNORE:tautomer (same canonical tautomer, stored form curated for biological relevance)
cpd01372	Aspulvinone G	C02007	kegg_xref	MISMATCH	LYLYJIOHMZZUCM-AUWJEWJLSA-N	LNJMXTRRBBPZDK-AUWJEWJLSA-N	56928062	O=C1O/C(=C\c2ccc(O)cc2)C(=O)C1c1ccc(O)cc1O	C1=CC(=CC=C1/C=C\2/C(=C(C(=O)O2)C3=C(C=C(C=C3)O)O)O)O	IGNORE:tautomer (same canonical tautomer, stored form curated for biological relevance)
cpd02882	1-[(5-amino-2,6-dioxo-1,2,3,6-tetrahydropyrimidin-4-yl)amino]-1-deoxy-D-ribitol	CHEBI:15934	chebi_xref	MISMATCH	YQOUVEJNFQOENO-DDVDLICKSA-N	XKQZIXVJVUPORE-RPDRRWSUSA-N	193516	NC1C(=O)NC(=O)N=C1NC[C@H](O)[C@H](O)[C@H](O)CO	C([C@@H]([C@@H]([C@@H](CO)O)O)O)NC1=C(C(=O)NC(=O)N1)N	IGNORE:tautomer (same canonical tautomer, stored form curated for biological relevance)
cpd02961	2-AMINO-7,8-DIHYDRO-6-(1,2,3-TRIHYDROXYPROPYL)-4(1H)-PTERIDINONE	CHEBI:17001	chebi_xref	MISMATCH	VFVVPBBLCNJQRK-SRBOSORUSA-N	YQIFAMYNGGOTFB-XINAWCOVSA-N	135398602	Nc1nc(=O)c2c([nH]1)NCC(C(=O)[C@H](O)CO)N2	C1C(=NC2=C(N1)N=C(NC2=O)N)[C@@H]([C@@H](CO)O)O	IGNORE:tautomer (same canonical tautomer, stored form curated for biological relevance)
cpd20034	Alloxydim	C18772	kegg_xref	MISMATCH	GAVUFZVBSUMBQW-WOJGMQOQSA-N	MSNWHIVXIUIVPC-WOJGMQOQSA-N	6376209	C=CCO/N=C(\CCC)C1=C(O)CC(C)(C)C(C(=O)OC)=C1O	CCC/C(=N\OCC=C)/C1C(=O)CC(C(C1=O)C(=O)OC)(C)C	IGNORE:tautomer (same canonical tautomer, stored form curated for biological relevance)
cpd20109	Chalcolactone	C18848	kegg_xref	MISMATCH	ASKUCMFYPBVEFV-ZOAZLDGZSA-N	LCZVAZIKJSPLAY-GLVZILGKSA-N	53297411	C[C@@H]1C[C@H](C)[C@H](O)[C@@H](C)C(O)=CC(=O)O[C@H](C)[C@@H](C)/C=C/C=C/C1=O	C[C@H]1C[C@H](C(=O)/C=C/C=C/[C@@H]([C@H](OC(=O)CC(=O)[C@@H]([C@H]1O)C)C)C)C	IGNORE:tautomer (same canonical tautomer, stored form curated for biological relevance)
cpd20184	Benquinox	C18924	kegg_xref	MISMATCH	MQIVNMHALJNFMG-ILYHAJGMSA-N	ORLIFVYIUIQGOA-UHFFFAOYSA-N	10320	O=C(NN=C1C=CC(=NO)C=C1)c1ccccc1	C1=CC=C(C=C1)C(=O)NNC2=CC=C(C=C2)N=O	IGNORE:tautomer (same canonical tautomer, stored form curated for biological relevance)
cpd20553	Potassium bromate	C19295	kegg_xref	MISMATCH	YKMIIXZZCULMJS-UHFFFAOYSA-N	OCATYIAKPYKMPG-UHFFFAOYSA-M	23673461	[K+].[O-][Br+2]([O-])[O-]	[O-]Br(=O)=O.[K+]	IGNORE:tautomer (same canonical tautomer, stored form curated for biological relevance)
cpd20602	para-Benzoquinone dioxime	C19345	kegg_xref	MISMATCH	LNHURPJLTHSVMU-UHFFFAOYSA-N	DZCCLNYLUGNUKQ-UHFFFAOYSA-N	7737	ON=C1C=CC(=NO)C=C1	C1=CC(=CC=C1NO)N=O	IGNORE:tautomer (same canonical tautomer, stored form curated for biological relevance)
cpd20775	1-[2-[2-Methyl-4-[2-(2-methylphenyl)diazenyl]phenyl]diazenyl]-2-naphthalenol	C19520	kegg_xref	MISMATCH	WYHWFOBMQSBRRY-UHFFFAOYSA-N	RCTGMCJBQGBLKT-UHFFFAOYSA-N	62330	CC1=CC(=NNc2ccccc2C)C=CC1=NN=C1C(=O)C=Cc2ccccc21	CC1=CC=CC=C1N=NC2=CC(=C(C=C2)N=NC3=C(C=CC4=CC=CC=C43)O)C	IGNORE:tautomer (same canonical tautomer, stored form curated for biological relevance)
cpd20778	Sodium chlorite	C19523	kegg_xref	MISMATCH	WEKMZMIIYLFEIJ-UHFFFAOYSA-N	UKLNMMHNWFDKNT-UHFFFAOYSA-M	23668197	[Na+].[O-][Cl+][O-]	[O-]Cl=O.[Na+]	IGNORE:tautomer (same canonical tautomer, stored form curated for biological relevance)
cpd46957	Rif5 intermediate 1	Rif5 intermediate 1	name_lookup	MISMATCH	LBQXIQNXBYJSOU-AOUKXVOZSA-N	CXTLWUHZGCESRE-JKSIFZGQSA-N	138319094	C/C1=C/C=C/[C@H](C)[C@H](O)[C@@H](C)[C@@H](O)[C@@H](C)[C@H](O)[C@H](C)[C@@H](O)[C@@H](CO)C(=O)C(C)C(=O)c2c(O)c(C)c(O)c3c2C(=O)C=C(NC1=O)C3=O	C[C@H]1/C=C/C=C(\C(=O)NC2=CC(=O)C3=C(/C(=C(\C(=O)[C@@H]([C@@H]([C@H]([C@H]([C@@H]([C@@H]([C@@H]([C@H]1O)C)O)C)O)C)O)CO)/C)/O)C(=C(C(=C3C2=O)O)C)O)/C	IGNORE:likely_tautomer (tanimoto=0.83, same formula, high structural similarity — likely resonance/tautomer not caught by RDKit enumerator)
cpd46973	16-deoxyversicolorin A epoxide	16-deoxyversicolorin A epoxide	name_lookup	MISMATCH	RRGWPAXNKRQBAM-VSHIDSMCSA-N	XKJFXJMPURQWDP-VSHIDSMCSA-N	154586065	O=C1c2cc3c(c(O)c2C(=O)C24OC12C=CCC4=O)[C@@H]1C=CO[C@@H]1O3	C1=CC23C(=O)C4=CC5=C([C@@H]6C=CO[C@@H]6O5)C(=C4C(=O)C2(O3)C(=C1)O)O	IGNORE:tautomer (same canonical tautomer, stored form curated for biological relevance)
cpd47055	3,7-dihydro-3-propyl-1H-purine-2,6-dione	enprofilina	name_lookup	MISMATCH	VRRVQCOZGQCWCI-UHFFFAOYSA-N	SIQPXVQCUCHWDI-UHFFFAOYSA-N	1676	CCCn1c(O)nc(O)c2ncnc1-2	CCCN1C2=C(C(=O)NC1=O)NC=N2	IGNORE:tautomer (same canonical tautomer, stored form curated for biological relevance)
cpd47754	antimycin A<sub>14</sub>	antimycin A14	name_lookup	MISMATCH	VTMILIGIOAKPON-VTJCBYAASA-N	CZYXNAWJKPZBBQ-VTJCBYAASA-N	11478557	CCCC(C)CC(=O)O[C@H]1[C@H](C)OC(=O)[C@@H](NC(=O)c2cccc(NC=O)c2O)[C@@H](C)OC(=O)[C@@H]1CCC(C)C	CCC(C)CCC(=O)O[C@H]1[C@@H](OC(=O)[C@H]([C@H](OC(=O)[C@@H]1CCC(C)C)C)NC(=O)C2=C(C(=CC=C2)NC=O)O)C	IGNORE:likely_tautomer (tanimoto=0.81, same formula, high structural similarity — likely resonance/tautomer not caught by RDKit enumerator)
cpd47782	antimycin A<sub>13</sub>	antimycin A13	name_lookup	MISMATCH	ZEXXMKULURKRLH-WJYIPEHTSA-N	DBRQOXPBANMULX-WJYIPEHTSA-N	11307356	CCCC[C@H]1C(=O)O[C@H](C)[C@H](NC(=O)c2cccc(NC=O)c2O)C(=O)O[C@@H](C)[C@@H]1OC(=O)CC(C)CCC	CCCC[C@@H]1[C@H]([C@@H](OC(=O)[C@H]([C@H](OC1=O)C)NC(=O)C2=C(C(=CC=C2)NC=O)O)C)OC(=O)CCC(C)CC	IGNORE:likely_tautomer (tanimoto=0.83, same formula, high structural similarity — likely resonance/tautomer not caught by RDKit enumerator)
cpd47832	2-acyl-<i>sn</i>-glycero-3-phosphoglycerol (n-C14:1)	2-acyl-sn-glycero-3-phosphoglycerol (n-C14:1)	name_lookup	MISMATCH	ACWLYYNLRJOYRA-ZYHOBAKYSA-M	BHICCPXVDIQMCF-AWTIPJNISA-M	176454255	CCCC/C=C\CCCCCCCC(=O)O[C@H](CO)COP(=O)([O-])OC[C@@H](O)CO	CCCCCC/C=C\CCCCCC(=O)O[C@H](CO)COP(=O)([O-])OC[C@H](CO)O	IGNORE:likely_tautomer (tanimoto=0.96, same formula, high structural similarity — likely resonance/tautomer not caught by RDKit enumerator)
cpd38814	2-acetyl-3,4a,8,10,11,12a-hexahydroxy-1,4,4a,5,12,12a-hexahydrotetracene-1,12-dione	CHEBI:146218	chebi_xref	MISMATCH	QUQTYIYOYNVOJS-UHFFFAOYSA-M	RGYIMTSNKPPPSO-UHFFFAOYSA-M	145944440	CC(=O)C1=C([O-])CC2(O)Cc3cc4cc(O)cc(O)c4c(O)c3C(=O)C2(O)C1=O	CC(=O)C1=C(C2(C(=O)C3=C(C4=C(C=C(C=C4C=C3CC2(CC1=O)O)O)O)O)O)[O-]	IGNORE:likely_tautomer (tanimoto=0.81, same formula, high structural similarity — likely resonance/tautomer not caught by RDKit enumerator)
cpd38896	(2S)-2-(4-hydoxybenzyl)-3-(4-hydroxyphenyl)-2-furonol carboxylate	CHEBI:149630	chebi_xref	MISMATCH	MQAMXXNTJFATOL-IBYPIGCZSA-M	DVKOSMUSPQXJAK-SFHVURJKSA-M	146170824	O=C1O[C@](Cc2ccc(O)cc2)(C(=O)[O-])C(c2ccc(O)cc2)C1=O	C1=CC(=CC=C1C[C@]2(C(=C(C(=O)O2)O)C3=CC=C(C=C3)O)C(=O)[O-])O	IGNORE:tautomer (same canonical tautomer, stored form curated for biological relevance)
cpd38999	(1S,3R,6R,8R,9R,11R,14S,15S,19R,20R)-8-ethyl-9,15-dihydroxy-3,4,6,20-tetramethyl-21,23-dioxo-24-azapentacyclo[20.2.1.0(1,6).0(11,20).0(14,19)]pentacosa-4,12,22(25)-trien-25-olate	CHEBI:155856	chebi_xref	MISMATCH	FVMMLTQICWHKRS-XEYQCMGESA-M	NINHBZILGZWTQT-JLZVEVNZSA-M	146672900	CC[C@@H]1C[C@]2(C)C=C(C)[C@H](C)C[C@]23NC(=O)C(=C3[O-])C(=O)[C@@]2(C)[C@@H]3CCC[C@H](O)[C@H]3C=C[C@H]2C[C@H]1O	CC[C@@H]1C[C@@]2(C=C([C@@H](C[C@@]23C(=O)/C(=C(/[C@]4([C@@H]5CCC[C@@H]([C@H]5C=C[C@H]4C[C@H]1O)O)C)\[O-])/C(=O)N3)C)C)C	IGNORE:likely_tautomer (tanimoto=0.89, same formula, high structural similarity — likely resonance/tautomer not caught by RDKit enumerator)
cpd39109	asnovolin A	CHEBI:156459	chebi_xref	MISMATCH	QSWHJMOBRSETNT-VZEYPMLRSA-N	GUSKPTPZRRTGAQ-IGZQQFENSA-N	132524226	COC(=O)C1=C(O)C(C)=C2O[C@@]3(C[C@]2(C)[C@H]1C)[C@@H](C)CC[C@H]1C(C)(C)OC(=O)CC[C@@]13C	C[C@H]1CC[C@@H]2[C@@]([C@]13C[C@@]4([C@H]([C@@H](C(=O)C(=C4O3)C)C(=O)OC)C)C)(CCC(=O)OC2(C)C)C	IGNORE:tautomer (same canonical tautomer, stored form curated for biological relevance)
cpd39354	asnovolin J	CHEBI:167683	chebi_xref	MISMATCH	OMOCMRWUFORHJW-VZEYPMLRSA-N	XKJJMXDQESYKLS-IGZQQFENSA-N	155818799	COC(=O)C1=C(O)C(C)=C2O[C@@]3(C[C@]2(C)[C@H]1C)[C@@H](C)CC[C@H]1C(C)(C)C(=O)CC[C@@]13C	C[C@H]1CC[C@@H]2[C@@]([C@]13C[C@@]4([C@H]([C@@H](C(=O)C(=C4O3)C)C(=O)OC)C)C)(CCC(=O)C2(C)C)C	IGNORE:tautomer (same canonical tautomer, stored form curated for biological relevance)
cpd39357	fumigatonoid A	CHEBI:167687	chebi_xref	MISMATCH	ODPXDHXHTUHREY-QWYZSSPPSA-N	FKVSHWDGJOLCOC-QLDZKYQNSA-N	155818803	COC(=O)C1=C(O)[C@@](C)(O)[C@@]23OOC[C@]45CCC(=O)OC(C)(C)[C@@H]4CC[C@H](C)[C@]5(C[C@]2(C)[C@H]1C)O3	C[C@H]1CC[C@@H]2[C@@]3([C@]14C[C@@]5([C@H]([C@@H](C(=O)[C@@]([C@@]5(O4)OOC3)(C)O)C(=O)OC)C)C)CCC(=O)OC2(C)C	IGNORE:tautomer (same canonical tautomer, stored form curated for biological relevance)
cpd39710	(S)-5-carboxymethyl-tetronate	CHEBI:188932	chebi_xref	MISMATCH	IUOGXAQNIDZGHW-BYPYZUCNSA-M	VDVHBZFWTAJSMR-BYPYZUCNSA-M	162422390	O=C([O-])C[C@@H]1OC(=O)CC1=O	C1=C([C@@H](OC1=O)CC(=O)[O-])O	IGNORE:tautomer (same canonical tautomer, stored form curated for biological relevance)
cpd39960	(3Z)-8,12-bis(2-carboxylatoethyl)-18-ethenyl-3-ethylidene-2,7,13,17-tetramethyl-2,3,15,16-tetrahydrobiline-1,19(21H,24H)-dione	CHEBI:57438	chebi_xref	MISMATCH	CNEWLWMGPFUJPG-SEJZCTRTSA-L	GLWKVDXAQHCAIO-SKMQTNIUSA-L	46224547	C=CC1=C(C)C(Cc2[nH]c(/C=C3\N=C(/C=C4\NC(=O)C(C)\C4=C\C)C(C)=C3CCC(=O)[O-])c(CCC(=O)[O-])c2C)NC1=O	C/C=C\1/C(C(=O)N=C1/C=C\2/C(=C(/C(=C/C3=C(C(=C(N3)CC4C(=C(C(=O)N4)C=C)C)C)CCC(=O)[O-])/N2)CCC(=O)[O-])C)C	IGNORE:tautomer (same canonical tautomer, stored form curated for biological relevance)
cpd41007	1-deoxy-1-({2,6-dioxo-5-[(E)-(2-oxoethylidene)amino]-1,2,3,6-tetrahydropyrimidin-4-yl}amino)-D-ribitol	CHEBI:78397	chebi_xref	MISMATCH	MVVLGWNKCGZWPO-INVGHUFNSA-N	PUEQUELBQOQOOV-BBVRLYRLSA-N	86289573	O=C/C=N/C1C(=O)NC(=O)N=C1NC[C@H](O)[C@H](O)[C@H](O)CO	C([C@@H]([C@@H]([C@@H](CO)O)O)O)NC1=C(C(=O)NC(=O)N1)N=CC=O	IGNORE:tautomer (same canonical tautomer, stored form curated for biological relevance)
cpd35989	"pelargonidin 3-<i>O</i>-[2""-<i>O</i>-xylosyl) 6""-<i>O</i>-(caffeoyl) glucoside"	pelargonidin 3-O-beta-D-(caffeoyl)-sambubioside	name_lookup	MISMATCH	ZVKVNHFCJWWIKN-NBSXMTSESA-N	GDWJRRLTTNLPNP-NBSXMTSESA-N	102515511	O=C(/C=C/c1ccc(O)c(O)c1)OC[C@H]1O[C@@H](Oc2cc3c(=O)cc(O)cc-3oc2-c2ccc(O)cc2)[C@H](O[C@@H]2OC[C@@H](O)[C@H](O)[C@H]2O)[C@@H](O)[C@@H]1O	C1[C@H]([C@@H]([C@H]([C@@H](O1)O[C@@H]2[C@H]([C@@H]([C@H](O[C@H]2OC3=C(OC4=CC(=O)C=C(C4=C3)O)C5=CC=C(C=C5)O)COC(=O)/C=C/C6=CC(=C(C=C6)O)O)O)O)O)O)O	IGNORE:tautomer (same canonical tautomer, stored form curated for biological relevance)
cpd37519	(3E,7aS,12aR)-6,12-dihydroxy-3-[(1H-imidazol-4-yl)methylidene]-7a-(2-methylbut-3-en-2-yl)-7a,12-dihydro-1H,5H-imidazo[1',2':1,2]pyrido[2,3-b]indole-2,5(3H)-dione	CHEBI:134347	chebi_xref	MISMATCH	ANGCTOREXXGQNW-GCTRCSCRSA-N	YEVSOYBNHBOQJZ-GCTRCSCRSA-N	124079399	C=CC(C)(C)[C@]12CC(=O)C(=O)N3/C(=C/c4c[nH]cn4)C(=O)N[C@@]31N(O)c1ccccc12	CC(C)(C=C)[C@]12C=C(C(=O)N\3[C@@]1(NC(=O)/C3=C\C4=CN=CN4)N(C5=CC=CC=C25)O)O	IGNORE:tautomer (same canonical tautomer, stored form curated for biological relevance)
cpd38206	a 4,5-didehydrojasmonate	CHEBI:142502	chebi_xref	MISMATCH	QAAHGFINENUHAR-ARJAWSKDSA-M	KJWUKJXAYNQYSS-ARJAWSKDSA-M	135563779	CC/C=C\CC1=C(CC(=O)[O-])CCC1=O	CC/C=C\CC1C(C=CC1=O)CC(=O)[O-]	IGNORE:tautomer (same canonical tautomer, stored form curated for biological relevance)
cpd38294	(-)-vincadifformine	CHEBI:142771	chebi_xref	MISMATCH	FETOMZZQYPFKRV-JOYGSARASA-O	GIGFIWJRTMBSRP-ACRUOGEOSA-O	933008	CC[C@]12CCC[NH+]3CC[C@]4(C(=Nc5ccccc54)C(C(=O)OC)C1)[C@@H]32	CC[C@@]12CCC[NH+]3[C@@H]1[C@@]4(CC3)C5=CC=CC=C5NC4=C(C2)C(=O)OC	IGNORE:tautomer (same canonical tautomer, stored form curated for biological relevance)
cpd38306	(+)-vincadifformine	CHEBI:142830	chebi_xref	MISMATCH	FETOMZZQYPFKRV-BJPDFRCHSA-O	GIGFIWJRTMBSRP-NJDAHSKKSA-O	6546287	CC[C@@]12CCC[NH+]3CC[C@@]4(C(=Nc5ccccc54)C(C(=O)OC)C1)[C@H]32	CC[C@]12CCC[NH+]3[C@H]1[C@]4(CC3)C5=CC=CC=C5NC4=C(C2)C(=O)OC	IGNORE:tautomer (same canonical tautomer, stored form curated for biological relevance)
cpd16558	Neosurugatoxin	C16761	kegg_xref	MISMATCH	ZUBDGHGVNOIJDX-SWTPICCNSA-N	BQGIDCZWFREXJV-FERWQKPKSA-N	46173822	C[C@@]1(O)C2=NC3C(=O)NC(=O)N=C3NC[C@H]2[C@H](C(=O)O[C@@H]2[C@@H](O)[C@@H](O)[C@@H](O)[C@H](O)[C@H]2O[C@@H]2OC[C@@H](O)[C@H](O)[C@H]2O)[C@]12C(=O)Nc1cc(Br)ccc12	C[C@]1(C2=NC3=C(NC[C@H]2[C@@H]([C@@]14C5=C(C=C(C=C5)Br)NC4=O)C(=O)O[C@@H]6[C@H]([C@H]([C@H]([C@@H]([C@H]6O[C@H]7[C@@H]([C@H]([C@@H](CO7)O)O)O)O)O)O)O)NC(=O)NC3=O)O	IGNORE:tautomer (same canonical tautomer, stored form curated for biological relevance)
cpd16559	Luteoskyrin	C16763	kegg_xref	MISMATCH	KXNUPFFSGSRABD-UHFFFAOYSA-N	FAZDYVMEXQHRLI-UHFFFAOYSA-N	30840	Cc1cc(O)c2c(c1O)C(=O)C13C(=C(O)C4C(O)C1C1C(O)C3C(O)=C3C(=O)c5c(O)cc(C)c(O)c5C(=O)C341)C2=O	CC1=CC(=C2C(=C1O)C(=O)C34C5C6C(C3C(=O)C7=C(C8=C(C=C(C(=C8C(=O)C67C(C5O)C(=O)C4=C2O)O)C)O)O)O)O	IGNORE:tautomer (same canonical tautomer, stored form curated for biological relevance)
cpd16560	Rugulosin	C16764	kegg_xref	MISMATCH	OYNIPTDPTUSUAY-UHFFFAOYSA-N	QFDPVUTXKUGISP-UHFFFAOYSA-N	62769	Cc1cc(O)c2c(c1)C(=O)C13C(=C(O)C4C(O)C1C1C(O)C3C(O)=C3C(=O)c5c(O)cc(C)cc5C(=O)C341)C2=O	CC1=CC2=C(C(=C1)O)C(=C3C(=O)C4C(C5C3(C2=O)C6C(C5C47C(=C(C8=C(C7=O)C=C(C=C8O)C)O)C6=O)O)O)O	IGNORE:tautomer (same canonical tautomer, stored form curated for biological relevance)
cpd17220	Decanoyl acetaldehyde	C16947	kegg_xref	MISMATCH	FFBZHZIOSCTWKX-UHFFFAOYSA-N	QBDCOUHKEVYWLO-UHFFFAOYSA-N	122640	CCCCCCCCCC(O)=CC=O	CCCCCCCCCC(=O)CC=O	IGNORE:tautomer (same canonical tautomer, stored form curated for biological relevance)
cpd18019	Strigolactone ABC-rings	C18036	kegg_xref	MISMATCH	MDZXZDQEMZPBHC-MAZPRZIYSA-N	UTOQMVIHBGIRGU-DTHKZTQTSA-N	46174042	CC1(C)CCCC2=C1[C@H]1OC(=O)C(C=O)[C@H]1C2	CC1(CCCC2=C1[C@@H]3[C@H](C2)/C(=C\O)/C(=O)O3)C	IGNORE:tautomer (same canonical tautomer, stored form curated for biological relevance)
cpd48349	3-methylprostreptovaricin	3-methylprostreptovaricin	name_lookup	MISMATCH	YBEYVMNVLYZSJV-OZHJPZIFSA-N	GQXDCRPWAPWXSJ-XOIHSSAHSA-N	138319327	CC1=C2NC(=O)/C(C)=C/C=C\[C@@H](C)[C@H](O)[C@@H](C)[C@@H](O)[C@@H](C)[C@H](O)[C@H](C)[C@H](O)[C@H](C)/C=C(/C)C(=O)C3=C(O)C(C)C(O)C(=C3C1=O)C2=O	C[C@@H]1/C=C\C=C(\C(=O)N=C2C(=C(C3=C(C(=O)C(C(C3=C2O)O)C)C(=O)/C(=C/[C@H]([C@H]([C@H]([C@H]([C@@H]([C@@H]([C@@H]([C@H]1O)C)O)C)O)C)O)C)/C)O)C)/C	IGNORE:tautomer (same canonical tautomer, stored form curated for biological relevance)
cpd35434	7,8-dihydrolumazine	7,8-dihydrolumazine	name_lookup	MISMATCH	FPOUMCUOOCJXQF-UHFFFAOYSA-N	MYJNEEHZESREMO-UHFFFAOYSA-N	590555	O=C1N=C2NCC=NC2C(=O)N1	C1C=NC2=C(N1)NC(=O)NC2=O	IGNORE:tautomer (same canonical tautomer, stored form curated for biological relevance)
cpd35554	"cyanidin 3-<i>O</i>-[2""-<i>O</i>-xylosyl) 6""-<i>O</i>-(caffeoyl) glucoside"	cyanidin 3-O-beta-D-(caffeoyl)-sambubioside	name_lookup	MISMATCH	SAMOBDXITATWFO-UGRQFWOBSA-N	DBIHSUXYSXVCQG-UGRQFWOBSA-N	102515449	O=C(/C=C/c1ccc(O)c(O)c1)OC[C@H]1O[C@@H](Oc2cc3c(=O)cc(O)cc-3oc2-c2ccc(O)c(O)c2)[C@H](O[C@@H]2OC[C@@H](O)[C@H](O)[C@H]2O)[C@@H](O)[C@@H]1O	C1[C@H]([C@@H]([C@H]([C@@H](O1)O[C@@H]2[C@H]([C@@H]([C@H](O[C@H]2OC3=C(OC4=CC(=O)C=C(C4=C3)O)C5=CC(=C(C=C5)O)O)COC(=O)/C=C/C6=CC(=C(C=C6)O)O)O)O)O)O)O	IGNORE:tautomer (same canonical tautomer, stored form curated for biological relevance)
cpd35966	6-[3-hydroxy-2-(3,5,7-trioxononanoyl)phenyl]-3,5-dioxohexanoate	6-[3-hydroxy-2-(3,5,7-trioxononanoyl)phenyl]-3,5-dioxohexanoate	name_lookup	MISMATCH	ITCSJVPQPGQHQD-UHFFFAOYSA-M	FEZACAATIBBDPS-UHFFFAOYSA-M	90658284	CCC(=O)C=C(O)CC(=O)CC(=O)c1c(O)cccc1CC(=O)CC(=O)CC(=O)[O-]	CCC(=O)CC(=O)CC(=O)CC(=O)C1=C(C=CC=C1O)CC(=O)CC(=O)CC(=O)[O-]	IGNORE:tautomer (same canonical tautomer, stored form curated for biological relevance)
cpd32624	mitomycin C	mitomycin C	name_lookup	MISMATCH	LDAPFIAQYZHVDM-PVPLFISHSA-N	NWIBSHFKIJFRCO-WUDYKRTCSA-N	5746	CO[C@@]12C(COC(N)=O)=C3C(=O)C(N)=C(C)C(=O)C3N1C[C@@H]1N[C@@H]12	CC1=C(C(=O)C2=C(C1=O)N3C[C@H]4[C@@H]([C@@]3([C@@H]2COC(=O)N)OC)N4)N	IGNORE:tautomer (same canonical tautomer, stored form curated for biological relevance)
cpd32797	2-(hydroxylamino)benzoyloctanoate	2-(hydroxylamino)benzoyloctanoate	name_lookup	MISMATCH	KZTVOVSNLMLLKK-UHFFFAOYSA-N	UUSKXLWDKYIARK-UHFFFAOYSA-N	122706201	CCCCCCCC(O)=CC(=O)c1ccccc1NO	CCCCCCCC(=O)CC(=O)C1=CC=CC=C1NO	IGNORE:tautomer (same canonical tautomer, stored form curated for biological relevance)
cpd32899	glandicoline A	glandicoline A	name_lookup	MISMATCH	PRXCCHFUQXVSNT-CXUHLZMHSA-N	IQKCBJLWCVXJOG-CXUHLZMHSA-N	91820007	C=CC(C)(C)C12CC(=O)C(=O)N3/C(=C/c4c[nH]cn4)C(=O)NC31Nc1ccccc12	CC(C)(C=C)C12C=C(C(=O)N\3C1(NC4=CC=CC=C24)NC(=O)/C3=C\C5=CN=CN5)O	IGNORE:tautomer (same canonical tautomer, stored form curated for biological relevance)
cpd32972	xenovulene A	xenovulene A	name_lookup	MISMATCH	WOFXJXDOCPYDHD-PQUNJDNZSA-N	WDFUVZRTUNQXHC-KVPIFFDFSA-N	9863607	C/C1=C\CC(C)(C)/C=C/C[C@@]2(C)OC3C(=O)C(=O)[C@H]4CO[C@H]([C@@H]34)[C@@H]2CC1	C/C/1=C\CC(/C=C/C[C@@]2([C@@H](CC1)[C@H]3[C@@H]4[C@H](CO3)C(=O)C(=C4O2)O)C)(C)C	IGNORE:tautomer (same canonical tautomer, stored form curated for biological relevance)
cpd33061	malvidin 3-<i>O</i>-rutinoside	malvidin 3-O-rutinoside	name_lookup	MISMATCH	OSCDICWIUZBOIY-DKJRWSDTSA-N	KKDMZZAUAIZTFK-DKJRWSDTSA-N	90657906	COc1cc(-c2oc3cc(O)cc(=O)c-3cc2O[C@@H]2O[C@H](CO[C@@H]3C[C@@H](C)[C@H](O)[C@@H](O)[C@H]3O)[C@@H](O)[C@H](O)[C@H]2O)cc(OC)c1O	C[C@@H]1C[C@H]([C@@H]([C@@H]([C@H]1O)O)O)OC[C@@H]2[C@H]([C@@H]([C@H]([C@@H](O2)OC3=C(OC4=CC(=O)C=C(C4=C3)O)C5=CC(=C(C(=C5)OC)O)OC)O)O)O	IGNORE:tautomer (same canonical tautomer, stored form curated for biological relevance)
cpd23911	IO3-	IO3-	name_lookup	MISMATCH	PTYWDKBPJYCXDN-UHFFFAOYSA-N	ICIWUVCWSCSTAQ-UHFFFAOYSA-M	84927	[O-][I+2]([O-])[O-]	[O-]I(=O)=O	IGNORE:tautomer (same canonical tautomer, stored form curated for biological relevance)
cpd24296	3-(2-hydroxy-1H-indol-3-yl)-5-(1H-indol-3-yl)-1H-pyrrole-2-carboxylate	CHEBI:90910	chebi_xref	MISMATCH	KOHOWMBWNFOZKD-UHFFFAOYSA-M	YNGCGCMGWQFYIK-UHFFFAOYSA-M	136630936	O=C([O-])c1[nH]c(-c2c[nH]c3ccccc23)cc1C1C(=O)Nc2ccccc21	C1=CC=C2C(=C1)C(=CN2)C3=CC(=C(N3)C(=O)[O-])C4=C(NC5=CC=CC=C54)O	IGNORE:tautomer (same canonical tautomer, stored form curated for biological relevance)
cpd24618	2,4,6-trioxoheptanoate	2,4,6-trioxoheptanoate	name_lookup	MISMATCH	ISIMKYLWBHJCNA-UHFFFAOYSA-M	VAKFRAZWNDUNDE-UHFFFAOYSA-M	9543053	CC(O)=CC(=O)CC(=O)C(=O)[O-]	CC(=O)CC(=O)CC(=O)C(=O)[O-]	IGNORE:tautomer (same canonical tautomer, stored form curated for biological relevance)
cpd24714	5-hydroxy-4,4,6-tris(3-methylbut-2-en-1-yl)-2-(2-methylpropanoyl)-3-oxocyclohexa-1,5-dien-1-olate	CHEBI:134349	chebi_xref	MISMATCH	RQJUBBUQMMWXLM-UHFFFAOYSA-M	UNCDMWKTFLUPHZ-UHFFFAOYSA-M	25202889	CC(C)=CCC1=C([O-])C(=C(O)C(C)C)C(=O)C(CC=C(C)C)(CC=C(C)C)C1=O	CC(C)C(=O)C1=C(C(=C(C(C1=O)(CC=C(C)C)CC=C(C)C)O)CC=C(C)C)[O-]	IGNORE:tautomer (same canonical tautomer, stored form curated for biological relevance)
cpd24774	pelargonidin 3-O-beta-D-(4-coumaroyl)glucoside	pelargonidin 3-O-beta-D-p-coumaroylglucoside	name_lookup	MISMATCH	GECXRJRBKBLJAJ-OTDDKLKWSA-N	CKTUEGXAYUQFCF-OTDDKLKWSA-N	90659340	O=C(/C=C/c1ccc(O)cc1)OC[C@H]1O[C@@H](Oc2cc3c(=O)cc(O)cc-3oc2-c2ccc(O)cc2)[C@H](O)[C@@H](O)[C@@H]1O	C1=CC(=CC=C1/C=C/C(=O)OC[C@@H]2[C@H]([C@@H]([C@H]([C@@H](O2)OC3=C(OC4=CC(=O)C=C(C4=C3)O)C5=CC=C(C=C5)O)O)O)O)O	IGNORE:tautomer (same canonical tautomer, stored form curated for biological relevance)
cpd34977	5-hydroxy-2-(2-methylbutanoyl)-4,4,6-tris(3-methylbut-2-en-1-yl)-3-oxocyclohexa-1,5-dien-1-olate	CHEBI:134352	chebi_xref	MISMATCH	WEOBUQVDXCWKHP-UHFFFAOYSA-M	QXPOWGXRDUFAQW-UHFFFAOYSA-M	124079400	CCC(C)C(O)=C1C(=O)C(CC=C(C)C)(CC=C(C)C)C(=O)C(CC=C(C)C)=C1[O-]	CCC(C)C(=O)C1=C(C(=C(C(C1=O)(CC=C(C)C)CC=C(C)C)O)CC=C(C)C)[O-]	IGNORE:tautomer (same canonical tautomer, stored form curated for biological relevance)
cpd35001	(2R,4E)-2-amino-5-({[(2S,3R)-2-hydroxy-3-(1H-indol-3-yl)butanamido]methanimidoyl}amino)pent-4-enoate	(2R,4E)-2-amino-5-({[(2S,3R)-2-hydroxy-3-(1H-indol-3-yl)butanamido]methanimidoyl}amino)pent-4-enoate	name_lookup	MISMATCH	CTEYPPOHFXYGJR-DGFSRKRXSA-N	XIEXSAVJORFUFN-UMVKEKTISA-N	122706531	C[C@H](c1c[nH]c2ccccc12)[C@H](O)C(=O)NC(=N)N=CCC[C@H]([NH3+])C(=O)[O-]	C[C@H](C1=CNC2=CC=CC=C21)[C@@H](C(=O)NC(=N/C=C/C[C@@H](C(=O)[O-])[NH3+])N)O	IGNORE:tautomer (same canonical tautomer, stored form curated for biological relevance)
cpd35068	andiconin	andiconin	name_lookup	MISMATCH	MGXGDOCTIYHYMG-SJCPBWDLSA-N	PIZDGYFPLPPVBP-NPEZIVKXSA-N	91820403	CC1(C)C(=O)C=C[C@@]2(C)[C@H]1CC[C@]13C[C@]4(C)C(=O)[C@](C)(C[C@@H]21)[C@]31COC(=O)C1=C4O	C[C@@]12C[C@H]3[C@]4(C=CC(=O)C([C@@H]4CC[C@@]35[C@@]16COC(=O)[C@H]6C(=O)[C@](C5)(C2=O)C)(C)C)C	IGNORE:tautomer (same canonical tautomer, stored form curated for biological relevance)
cpd35202	(1R)-1,4,5,10-tetrahydrophenazine-1-carboxylate	CHEBI:132005	chebi_xref	MISMATCH	OYYAPLARXUACPJ-RZZZFEHKSA-M	WGOVWFNMPRCMBJ-MRVPVSSYSA-M	119058161	O=C([O-])[C@@H]1C=CCC2Nc3ccccc3N=C21	C1C=C[C@H](C2=C1NC3=CC=CC=C3N2)C(=O)[O-]	IGNORE:tautomer (same canonical tautomer, stored form curated for biological relevance)
cpd35235	(1S,4aS,12aS)-3-carbamoyl-4a,6,7-trihydroxy-11-methyl-1-(methylazaniumyl)-4,5-dioxo-1,4,4a,5,12,12a-hexahydrotetracen-2-olate	CHEBI:133696	chebi_xref	MISMATCH	IIHPMGDKNZPGON-QYAMTVPHSA-N	LJLCFQKDCDGSSK-QYAMTVPHSA-N	122198284	C[NH2+][C@@H]1C([O-])=C(C(N)=O)C(=O)[C@@]2(O)C(=O)c3c(c(C)c4cccc(O)c4c3O)C[C@@H]12	CC1=C2C=CC=C(C2=C(C3=C1C[C@H]4[C@@H](C(=O)C(=C([C@]4(C3=O)O)[O-])C(=O)N)[NH2+]C)O)O	IGNORE:likely_tautomer (tanimoto=0.81, same formula, high structural similarity — likely resonance/tautomer not caught by RDKit enumerator)
cpd35363	(E,E,E)-2,4,7-undecatrienal, nitrosohydrazone	1-hydroxy-3-(2',4',7'-undecatrienylidine)triazene	name_lookup	MISMATCH	MXNLRTNAAYWENH-DJKNLCAGSA-N	NKTGCVUIESDXPU-YLEPRARLSA-N	9576787	CCC/C=C/C/C=C/CC=CN=NN=O	CCC/C=C/C/C=C/C=C/C=N/NN=O	IGNORE:tautomer (same canonical tautomer, stored form curated for biological relevance)
cpd23083	2-amino-6-[(1S,2S)-1,2,3-trihydroxypropyl]-7,8-dihydropteridin-4(3H)-one	CHEBI:71175	chebi_xref	MISMATCH	VFVVPBBLCNJQRK-BKLSDQPFSA-N	YQIFAMYNGGOTFB-NJGYIYPDSA-N	135874849	Nc1nc(=O)c2c([nH]1)NCC(C(=O)[C@@H](O)CO)N2	C1C(=NC2=C(N1)N=C(NC2=O)N)[C@@H]([C@H](CO)O)O	IGNORE:tautomer (same canonical tautomer, stored form curated for biological relevance)
cpd23091	ED 110	ED 110	name_lookup	MISMATCH	CYIDHFGWLQVOIJ-FKKAOLSPSA-N	GEFUXTHVYBRRRD-FKKAOLSPSA-N	135705573	O=C1Cc2[nH]c3c4nc5c(=O)cc(O)cc-5c4c4cnc(=O)c4c3c2CC1[C@@H]1O[C@H](CO)[C@@H](O)[C@H](O)[C@H]1O	C1C(C(=CC2=C1C3=C4C(=C5C6=C(C(=O)CC(=C6)O)N=C5C3=N2)C=NC4=O)O)[C@H]7[C@@H]([C@H]([C@@H]([C@H](O7)CO)O)O)O	IGNORE:tautomer (same canonical tautomer, stored form curated for biological relevance)
cpd23345	Und-PP-{[beta-D-GlcNAc-(1->4)]-MurNAc-L-Ala-gamma-D-iGln-(6-N-beta-D-Asn)-L-Lys-D-Ala-D-Ala}2	a peptidoglycan dimer (E. faeciums)	name_lookup	MISMATCH	WOZKDGPDKRODSE-JLBKNMFSSA-L	MCSKGNVEEFRWNJ-HZZQXYMISA-L	134820076	CC(=O)N[C@H]1[C@H](O[C@H]2[C@H](O[C@H](C)C(=O)NC(C)C(=O)N[C@H](CCC(=O)N[C@@H](CCCCNC(=O)C[C@@H]([NH3+])C(=O)[O-])C(=O)N[C@H](C)C(=O)N[C@H](C)C(N)=O)C(N)=O)[C@@H](NC(C)=O)[C@@H](OP(=O)([O-])OP(=O)([O-])OC/C=C(/C)CC/C=C(/C)CC/C=C(/C)CC/C=C(/C)CC/C=C(/C)CC/C=C(/C)CC/C=C(/C)CC/C=C(/C)CC/C=C(\C)CC/C=C(\C)CCC=C(C)C)O[C@@H]2CO)O[C@H](CO)[C@@H](O[C@@H]2O[C@H](CO)[C@@H](O[C@@H]3O[C@H](CO)[C@@H](O)[C@H](O)[C@H]3NC(C)=O)[C@H](O[C@H](C)C(=O)N[C@@H](C)C(=O)N[C@H](CCC(=O)N[C@@H](CCCCNC(=O)C[C@@H]([NH3+])C(=O)[O-])C(=O)N[C@H](C)C(=O)N[C@H](C)C(N)=O)C(N)=O)[C@H]2NC(C)=O)[C@@H]1O	C[C@@H](C(=O)N[C@@H](C)C(=O)[O-])NC(=O)[C@@H](CCCCNC(=O)C[C@H](C(=O)N)[NH3+])NC(=O)CC[C@H](C(=O)N)NC(=O)C(C)NC(=O)[C@@H](C)O[C@@H]1[C@H]([C@H](O[C@@H]([C@H]1O[C@H]2[C@@H]([C@H]([C@@H]([C@H](O2)CO)O)O)NC(=O)C)CO)O[C@@H]3[C@H](O[C@H]([C@@H]([C@H]3O)NC(=O)C)O[C@@H]4[C@H](O[C@@H]([C@@H]([C@H]4O[C@H](C)C(=O)NC(C)C(=O)N[C@H](CCC(=O)N[C@H](CCCCNC(=O)C[C@H](C(=O)N)[NH3+])C(=O)N[C@@H](C)C(=O)N[C@@H](C)C(=O)[O-])C(=O)N)NC(=O)C)OP(=O)([O-])OP(=O)([O-])OC/C=C(/C)\CC/C=C(/C)\CC/C=C(/C)\CC/C=C(/C)\CC/C=C(/C)\CC/C=C(/C)\CC/C=C(/C)\CC/C=C(/C)\CC/C=C(\C)/CC/C=C(\C)/CCC=C(C)C)CO)CO)NC(=O)C	IGNORE:likely_tautomer (tanimoto=0.93, same formula, high structural similarity — likely resonance/tautomer not caught by RDKit enumerator)
cpd23395	1-(methylsulfanyl)-6-<i>aci</i>-nitrohexane	1-(methylsulfanyl)-6-aci-nitrohexane	name_lookup	MISMATCH	GHTBKFAZGIBUSA-UHFFFAOYSA-N	JTDCVVYTRKWMAE-UHFFFAOYSA-N	123131543	CSCCCCCC[N+](=O)[O-]	CSCCCCC/C=[N+](/O)\[O-]	IGNORE:tautomer (same canonical tautomer, stored form curated for biological relevance)
cpd23401	1-(methylsulfanyl)-8-<i>aci</i>-nitrooctane	1-(methylsulfanyl)-8-aci-nitrooctane	name_lookup	MISMATCH	DUOVRZULGNHGCP-UHFFFAOYSA-N	LXZOOYJPYFVQFL-UHFFFAOYSA-N	123131560	CSCCCCCCCC[N+](=O)[O-]	CSCCCCCCC/C=[N+](/O)\[O-]	IGNORE:tautomer (same canonical tautomer, stored form curated for biological relevance)
cpd23404	1-(methylsulfanyl)-9-<i>aci</i>-nitrononane	1-(methylsulfanyl)-9-aci-nitrononane	name_lookup	MISMATCH	GVCLNXJGDDHQFD-UHFFFAOYSA-N	YNGGFUNKMBPTPS-UHFFFAOYSA-N	123131533	CSCCCCCCCCC[N+](=O)[O-]	CSCCCCCCCC/C=[N+](/O)\[O-]	IGNORE:tautomer (same canonical tautomer, stored form curated for biological relevance)
cpd23606	2-heptyl-3,4-dihydroxyquinoline	2-heptyl-3,4-dihydroxyquinoline	name_lookup	MISMATCH	AAZJDRZCTGURLF-UHFFFAOYSA-N	SLKICHKRVPGLCY-UHFFFAOYSA-N	50986124	CCCCCCCC1Nc2ccccc2C(O)C1=O	CCCCCCCC1=C(C(C2=CC=CC=C2N1)O)O	IGNORE:tautomer (same canonical tautomer, stored form curated for biological relevance)
cpd23657	3,5,7,9,11,13,15,17,19-nonaoxoicosanoate	3,5,7,9,11,13,15,17,19-nonaoxoicosanoate	name_lookup	MISMATCH	ZZJIPQXCIFSUGW-UHFFFAOYSA-M	IIQCJOQENFQELS-UHFFFAOYSA-M	50986250	CC(O)=CC(=O)CC(=O)CC(=O)CC(=O)CC(=O)CC(=O)CC(=O)CC(=O)CC(=O)[O-]	CC(=O)CC(=O)CC(=O)CC(=O)CC(=O)CC(=O)CC(=O)CC(=O)CC(=O)CC(=O)[O-]	IGNORE:tautomer (same canonical tautomer, stored form curated for biological relevance)
cpd23670	octane-2,4-dione	octane-2,4-dione	name_lookup	MISMATCH	NHWOPVLAPBOXFB-UHFFFAOYSA-N	GJYXGIIWJFZCLN-UHFFFAOYSA-N	84192	CCCCC(=O)C=C(C)O	CCCCC(=O)CC(=O)C	IGNORE:tautomer (same canonical tautomer, stored form curated for biological relevance)
cpd23727	3,5-didehydroshikimate	3,5-didehydroshikimate	name_lookup	MISMATCH	JAACGMAUCWISDS-UHFFFAOYSA-M	MTNXHXKXYFWIRI-ZCFIWIBFSA-M	52940206	O=C1CC(C(=O)[O-])C=C(O)C1=O	C1C(=CC(=O)[C@H](C1=O)O)C(=O)[O-]	IGNORE:tautomer (same canonical tautomer, stored form curated for biological relevance)
cpd34424	11-hydroxytigecycline	CHEBI:142709	chebi_xref	MISMATCH	RKNGHEJZSVXSDR-GAABGNNBSA-O	DOGQITILNDNRKT-GAABGNNBSA-O	122706448	CN(C)c1cc(NC(=O)C[NH2+]C(C)(C)C)c(O)c2c1C[C@H]1C[C@H]3[C@H]([NH+](C)C)C([O-])=C(C(N)=O)C(=O)[C@@]3(O)C(=O)[C@@]1(O)C2=O	CC(C)(C)[NH2+]CC(=O)NC1=CC(=C2C[C@H]3C[C@H]4[C@@H](C(=O)C(=C([C@]4(C(=O)[C@]3(C(=O)C2=C1O)O)O)[O-])C(=O)N)[NH+](C)C)N(C)C	IGNORE:likely_tautomer (tanimoto=0.84, same formula, high structural similarity — likely resonance/tautomer not caught by RDKit enumerator)
cpd34831	mupirocin C1	mupirocin C1	name_lookup	MISMATCH	WILJAMJUZDYFMC-DETXERCKSA-M	SMGOYHNDUBAFDK-DHBREQTESA-M	134820401	C/C(=C\C(=O)OCCCCCCCCC(=O)[O-])C[C@@H]1OCC(CC2OC2[C@@H](C)[C@H](C)O)C(=O)C1=O	C[C@H](C1C(O1)CC2=C(C(=O)[C@@H](OC2)C/C(=C/C(=O)OCCCCCCCCC(=O)[O-])/C)O)[C@H](C)O	IGNORE:tautomer (same canonical tautomer, stored form curated for biological relevance)
cpd34832	1-(2-aminophenyl)decane-1,3-dione	CHEBI:133039	chebi_xref	MISMATCH	RYCRGPUTNQPWFZ-UHFFFAOYSA-N	ZJDQJGJPYGJSGW-UHFFFAOYSA-N	121596246	CCCCCCCC(O)=CC(=O)c1ccccc1N	CCCCCCCC(=O)CC(=O)C1=CC=CC=C1N	IGNORE:tautomer (same canonical tautomer, stored form curated for biological relevance)
cpd34938	(2R,6Z)-2-hydroxy-6-(hydroxymethylidene)-2,5-dimethylcyclohex-4-ene-1,3-dione	(2R,6Z)-2-hydroxy-6-(hydroxymethylidene)-2,5-dimethylcyclohex-4-ene-1,3-dione	name_lookup	MISMATCH	MXLHWEYKGSIDDQ-SECBINFHSA-N	OCYDARSQXVAYSD-XTULLQBASA-N	102515384	CC1=CC(=O)[C@@](C)(O)C(O)=C1C=O	CC\1=CC(=O)[C@@](C(=O)/C1=C\O)(C)O	IGNORE:tautomer (same canonical tautomer, stored form curated for biological relevance)
cpd24929	delphinidin 3-O-(6''-O-malonyl)-beta-glucoside-5'-O-beta-glucoside	delphinidin 3-O-(6''-O-malonyl)-beta-glucoside-5'-O-beta-glucoside	name_lookup	MISMATCH	OKDMJPGJRVULBW-JMYCNATMSA-M	PYPACINRSSMQPX-JMYCNATMSA-M	25244733	O=C([O-])CC(=O)OC[C@H]1OC(Oc2cc3c(=O)cc(O)cc-3oc2-c2cc(O)c(O)c(OC3O[C@H](CO)[C@@H](O)[C@H](O)[C@H]3O)c2)[C@H](O)[C@@H](O)[C@@H]1O	C1=C(C=C(C(=C1O)O)OC2[C@@H]([C@H]([C@@H]([C@H](O2)CO)O)O)O)C3=C(C=C4C(=CC(=O)C=C4O3)O)OC5[C@@H]([C@H]([C@@H]([C@H](O5)COC(=O)CC(=O)[O-])O)O)O	IGNORE:tautomer (same canonical tautomer, stored form curated for biological relevance)
cpd24962	siroamide	siroamide	name_lookup	MISMATCH	VWKLZFZMLOUQBG-XLIRECGNSA-G	CILDBPLFPOROBX-ZTKUHGNGSA-G	90657931	C[C@@]1(CC(=O)[O-])c2cc3[nH]c(cc4[nH]c(cc5nc(cc(n2)[C@H]1CCC(=O)[O-])C(CC(=O)[O-])=C5CCC(=O)[O-])c(CCC(=O)[O-])c4CC(=O)[O-])[C@@](C)(CC(N)=O)[C@@H]3CCC(=O)[O-]	C[C@@]1([C@@H](C2=NC1=CC3=C(C(=C(N3)C=C4C(=C(C(=CC5=NC(=C2)[C@@]([C@@H]5CCC(=O)[O-])(C)CC(=O)[O-])N4)CC(=O)[O-])CCC(=O)[O-])CCC(=O)[O-])CC(=O)[O-])CCC(=O)[O-])CC(=O)N	IGNORE:tautomer (same canonical tautomer, stored form curated for biological relevance)
cpd25479	benzoylacetone	benzoylacetone	name_lookup	MISMATCH	DLVGHEXDQPIBDF-UHFFFAOYSA-N	CVBUKMMMRLOKQR-UHFFFAOYSA-N	7166	CC(O)=CC(=O)c1ccccc1	CC(=O)CC(=O)C1=CC=CC=C1	IGNORE:tautomer (same canonical tautomer, stored form curated for biological relevance)
cpd25528	2-hydroxy-2-deaminotetrahydrofolate	2-hydroxy-2-deaminotetrahydrofolate	name_lookup	MISMATCH	CQUSBFCQCKLGRW-VHBIQUBJSA-L	PYMHUTZITGQKAY-RYUDHWBXSA-L	44123534	O=C([O-])CC[C@H](NC(=O)c1ccc(NC[C@H]2CNC3=NC(=O)NC(=O)C3N2)cc1)C(=O)[O-]	C1[C@@H](NC2=C(N1)NC(=O)NC2=O)CNC3=CC=C(C=C3)C(=O)N[C@@H](CCC(=O)[O-])C(=O)[O-]	IGNORE:tautomer (same canonical tautomer, stored form curated for biological relevance)
cpd25834	(1R,2R,5S)-2-(methoxycarbonyl)-8-methyl-3-oxo-8-azoniabicyclo[3.2.1]octane	CHEBI:66941	chebi_xref	MISMATCH	RZLGUUVIZWCQCU-NKWVEPMBSA-O	WXEMSGQRTGSYOG-LKEWCRSYSA-O	26601202	COC(=O)C1=C(O)C[C@@H]2CC[C@H]1[NH+]2C	C[NH+]1[C@H]2CC[C@@H]1[C@H](C(=O)C2)C(=O)OC	IGNORE:tautomer (same canonical tautomer, stored form curated for biological relevance)
cpd33354	desmethylanthrotainin	desmethylanthrotainin	name_lookup	MISMATCH	HVDQGXCRCGWKFN-MOPGFXCFSA-M	XZMHEWSQIGGCKG-MOPGFXCFSA-M	91820097	NC(=O)C1=C([O-])C[C@]2(O)Cc3cc4cc(O)cc(O)c4c(O)c3C(=O)[C@]2(O)C1=O	C1C2=CC3=CC(=CC(=C3C(=C2C(=O)[C@]4([C@@]1(CC(=O)C(=C4[O-])C(=O)N)O)O)O)O)O	IGNORE:likely_tautomer (tanimoto=0.81, same formula, high structural similarity — likely resonance/tautomer not caught by RDKit enumerator)
cpd33386	aurodrosopterin	aurodrosopterin	name_lookup	MISMATCH	BFTDABFQPJCSQM-UHFFFAOYSA-N	TWJXLQJAXSHJQU-UHFFFAOYSA-N	135440647	CC1=C2N=c3c(=O)nc(N)[nH]c3=NCC2C2CNC3=NC(=O)NC(=O)C3N12	CC1=C2C(CN=C3C(=N2)C(=O)NC(=N3)N)C4N1C5=C(NC4)NC(=O)NC5=O	IGNORE:tautomer (same canonical tautomer, stored form curated for biological relevance)
cpd33537	4-hydroxy-2,2'-bipyrrole-5-methanol	4-hydroxy-2,2'-bipyrrole-5-methanol	name_lookup	MISMATCH	HNYIFKWNYFJSEO-UHFFFAOYSA-N	RGTPSNSYCJTFLL-UHFFFAOYSA-N	90658150	O=C1C=C(c2ccc[nH]2)NC1CO	C1=CNC(=C1)C2=CC(=C(N2)CO)O	IGNORE:tautomer (same canonical tautomer, stored form curated for biological relevance)
cpd32152	11a-hydroxytetracycline-6,12-hemiketal	11a-hydroxytetracycline-6,12-hemiketal	name_lookup	MISMATCH	BDCHTYUVFJJQAJ-UJOHWRFMSA-N	UXSIWXWYCQJRIW-IKHTTYFYSA-N	122706118	C[NH+](C)[C@@H]1C([O-])=C(C(N)=O)C(=O)[C@]2(O)[C@H]1C[C@@H]1[C@@]3(C)O[C@@]2(O)[C@@]1(O)C(=O)c1c(O)cccc13	CC12[C@H]3C[C@H]4[C@@H](C(=O)C(=C([C@]4([C@]([C@]3(C(=O)C5=C1C=CC=C5O)O)(O2)O)O)[O-])C(=O)N)[NH+](C)C	IGNORE:likely_tautomer (tanimoto=0.80, same formula, high structural similarity — likely resonance/tautomer not caught by RDKit enumerator)
cpd32209	"pelargonidin 3-O-(6""-O-malyl-beta-D-glucoside)"	"pelargonidin 3-O-(6""-O-malyl-beta-D-glucoside)"	name_lookup	MISMATCH	POIJVMKTXFXJFR-FOQZLENISA-M	ZOOYWPZYSLGWMX-FOQZLENISA-M	90657500	O=C(C[C@@H](O)C(=O)[O-])OC[C@H]1O[C@@H](Oc2cc3c(=O)cc(O)cc-3oc2-c2ccc(O)cc2)[C@H](O)[C@@H](O)[C@@H]1O	C1=CC(=CC=C1C2=C(C=C3C(=CC(=O)C=C3O2)O)O[C@H]4[C@@H]([C@H]([C@@H]([C@H](O4)COC(=O)C[C@H](C(=O)[O-])O)O)O)O)O	IGNORE:tautomer (same canonical tautomer, stored form curated for biological relevance)
cpd32290	7-hydroxy-2-quinolone	CHEBI:48987	chebi_xref	MISMATCH	ZLBGEVJLJKQOOM-UHFFFAOYSA-N	DBSPUDKBNOZFMX-UHFFFAOYSA-N	10975787	O=C1C=CC2=CCC(=O)NC2=C1	C1=CC(=CC2=C1C=CC(=O)N2)O	IGNORE:tautomer (same canonical tautomer, stored form curated for biological relevance)
cpd32475	(2Z)-4-{9,10-dihydroxy-5-methyl-1-oxo-3H,4H-naphtho[2,3-c]pyran-3-yl}-4-(dimethylamino)-3-hydroxybut-2-enamide	(2Z)-4-{9,10-dihydroxy-5-methyl-1-oxo-3H,4H-naphtho[2,3-c]pyran-3-yl}-4-(dimethylamino)-3-hydroxybut-2-enamide	name_lookup	MISMATCH	BZLSHCHRGPSDJY-UHFFFAOYSA-N	CPENHJHQWNCUHT-JYRVWZFOSA-N	122706140	Cc1c2c(c(O)c3c(O)cccc13)C(=O)OC(C(C(=O)CC(N)=O)N(C)C)C2	CC1=C2C=CC=C(C2=C(C3=C1CC(OC3=O)C(/C(=C/C(=O)N)/O)N(C)C)O)O	IGNORE:tautomer (same canonical tautomer, stored form curated for biological relevance)
cpd47956	(beta-D-glucosyl)-O-mycofactocinol	(beta-D-glucosyl)-O-mycofactocinol	name_lookup	MISMATCH	ZUCVJNMCIWNRQD-OBKCQFLQSA-N	LZRFPBYVPXWIQV-RKBILKOESA-N	154700475	CC1(C)C(Cc2ccc(O[C@@H]3O[C@H](CO)[C@@H](O)[C@H](O)[C@H]3O)cc2)NC(=O)C1O	CC1(C(NC(=C1O)O)CC2=CC=C(C=C2)O[C@H]3[C@@H]([C@H]([C@@H]([C@H](O3)CO)O)O)O)C	IGNORE:tautomer (same canonical tautomer, stored form curated for biological relevance)
cpd47958	MMFT-8H<sub>2</sub>	MMFT-8H2	name_lookup	MISMATCH	QPOFHZZAFBJPEP-NLXXLCOVSA-N	GNJSXUBIUQQDCF-VVDKBZJPSA-N	154700476	CO[C@H]1[C@H](O[C@H]2[C@H](O)[C@@H](O)[C@H](Oc3ccc(CC4NC(=O)C(O)C4(C)C)cc3)O[C@@H]2CO)O[C@H](CO)[C@@H](O[C@@H]2O[C@H](CO)[C@@H](O[C@@H]3O[C@H](CO)[C@@H](O[C@@H]4O[C@H](CO)[C@@H](O[C@@H]5O[C@H](CO)[C@@H](O[C@@H]6O[C@H](CO)[C@@H](O[C@@H]7O[C@H](CO)[C@@H](O)[C@H](O)[C@H]7O)[C@H](O)[C@H]6O)[C@H](O)[C@H]5O)[C@H](O)[C@H]4O)[C@H](O)[C@H]3O)[C@H](O)[C@H]2O)[C@@H]1O	CC1(C(NC(=C1O)O)CC2=CC=C(C=C2)O[C@H]3[C@@H]([C@H]([C@@H]([C@H](O3)CO)O[C@H]4[C@@H]([C@H]([C@@H]([C@H](O4)CO)O[C@H]5[C@@H]([C@H]([C@@H]([C@H](O5)CO)O[C@H]6[C@@H]([C@H]([C@@H]([C@H](O6)CO)O[C@H]7[C@@H]([C@H]([C@@H]([C@H](O7)CO)O[C@H]8[C@@H]([C@H]([C@@H]([C@H](O8)CO)O[C@H]9[C@@H]([C@H]([C@@H]([C@H](O9)CO)O[C@H]1[C@@H]([C@H]([C@@H]([C@H](O1)CO)O)O)O)O)O)O)O)O)O)O)O)O)O)O)OC)O)O)C	IGNORE:tautomer (same canonical tautomer, stored form curated for biological relevance)
cpd47959	5-[(4-hydroxyphenyl)methyl]-4,4-dimethyl-1,5-dihydropyrrole-2,3-diol	reduced PMFT	name_lookup	MISMATCH	MCDGSRNSGQEJIH-UHFFFAOYSA-N	RNRPPZYXOJFWQP-UHFFFAOYSA-N	146037075	CC1(C)C(Cc2ccc(O)cc2)NC(=O)C1O	CC1(C(NC(=C1O)O)CC2=CC=C(C=C2)O)C	IGNORE:tautomer (same canonical tautomer, stored form curated for biological relevance)
cpd48333	prostreptovaricin	prostreptovaricin	name_lookup	MISMATCH	MHOUUNHTVCQAIF-OSTMVVCPSA-N	IYLUANVNZSUVHZ-CYYVRBJFSA-N	138319062	C/C1=C/[C@@H](C)[C@@H](O)[C@@H](C)[C@@H](O)[C@H](C)[C@H](O)[C@H](C)[C@@H](O)[C@H](C)/C=C\C=C(/C)C(=O)NC2=CC(=O)C3=C(C2=O)C(O)C(C)C(O)=C3C1=O	C[C@@H]1/C=C\C=C(\C(=O)N=C2C=C(C3=C(C(=O)C(C(C3=C2O)O)C)C(=O)/C(=C/[C@H]([C@H]([C@H]([C@H]([C@@H]([C@@H]([C@@H]([C@H]1O)C)O)C)O)C)O)C)/C)O)/C	IGNORE:tautomer (same canonical tautomer, stored form curated for biological relevance)
cpd41008	1-deoxy-1-({2,6-dioxo-5-[(EE)-(2-oxopropylidene)amino]-1,2,3,6-tetrahydropyrimidin-4-yl}amino)-D-ribitol	CHEBI:78398	chebi_xref	MISMATCH	PJZXRWXENPBZGM-QWCVWYEKSA-N	LXKLTDXEFFOBPT-OOZYFLPDSA-N	86289574	CC(=O)/C=N/C1C(=O)NC(=O)N=C1NC[C@H](O)[C@H](O)[C@H](O)CO	CC(=O)C=NC1=C(NC(=O)NC1=O)NC[C@@H]([C@@H]([C@@H](CO)O)O)O	IGNORE:tautomer (same canonical tautomer, stored form curated for biological relevance)
cpd43872	a bacteriochlorin	a bacteriochlorin	name_lookup	MISMATCH	DDSPPPQVDFNCRS-AJLOBNKWSA-N	BMMKBVLOIDKBCY-UHFFFAOYSA-N	18725796	C1=Cc2cc3ccc(cc4[nH]c(cc5nc(cc1n2)CC5)CC4)[nH]3	C1CC2=NC1=CC3=NC(=CC4=CC=C(N4)C=C5C=CC(=C2)N5)CC3	IGNORE:tautomer (same canonical tautomer, stored form curated for biological relevance)
cpd43956	dihydroglycitein	dihydroglycitein	name_lookup	MISMATCH	JYWLYABXPMJDPN-UHFFFAOYSA-N	HEZSALBPROZVOO-UHFFFAOYSA-N	101101166	COC1=CC2C(=O)C(c3ccc(O)cc3)COC2=CC1=O	COC1=C(C=C2C(=C1)C(=O)C(CO2)C3=CC=C(C=C3)O)O	IGNORE:tautomer (same canonical tautomer, stored form curated for biological relevance)
cpd45191	PEB	a phycoerythrobilin	name_lookup	MISMATCH	IGJXAXFFKKRFKU-VVZNRSQRSA-L	GLWKVDXAQHCAIO-ATTWCYABSA-L	146037362	C=CC1=C(C)[C@H](CC2=N/C(=C\c3[nH]c(/C=C4\NC(=O)[C@H](C)C4=CC)c(C)c3CCC(=O)[O-])C(CCC(=O)[O-])=C2C)NC1=O	CC=C1[C@H](C(=O)N=C1/C=C\2/C(=C(/C(=C/C3=C(C(=C(N3)C[C@H]4C(=C(C(=O)N4)C=C)C)C)CCC(=O)[O-])/N2)CCC(=O)[O-])C)C	IGNORE:tautomer (same canonical tautomer, stored form curated for biological relevance)
cpd45315	a phytochromobilin	a phytochromobilin	name_lookup	MISMATCH	DKMLMZVDTGOEGU-MKLOKSPTSA-L	LXWZWRRIEITWMN-ZFALGIKLSA-L	146037245	C=CC1=C(C)/C(=C/C2=N/C(=C\c3[nH]c(/C=C4\NC(=O)[C@H](C)C4=CC)c(C)c3CCC(=O)[O-])C(CCC(=O)[O-])=C2C)NC1=O	CC=C\1[C@H](C(=O)N/C1=C\C2=C(C(=C(N2)/C=C\3/C(=C(/C(=C/C4=NC(=O)C(=C4C)C=C)/N3)C)CCC(=O)[O-])CCC(=O)[O-])C)C	IGNORE:tautomer (same canonical tautomer, stored form curated for biological relevance)
cpd45747	prochaxamycin	prochaxamycin	name_lookup	MISMATCH	YZDQREAOSSBUIO-YFFNHZJVSA-N	ZNJLTLQUFVRCST-XXTQNNSLSA-N	138319156	C/C1=C\[C@H](C)[C@H](O)[C@@H](C)[C@@H](O)[C@H](C)[C@H](O)[C@H](C)[C@@H](O)[C@@H](C)/C=C/C=C\C(=O)NC2=CC(=O)C3=C(C2=O)C(O)C(C)C(O)=C3C1=O	C[C@H]1/C=C/C=C\C(=O)N=C2C=C(C3=C(C(=O)C(C(C3=C2O)O)C)C(=O)/C(=C/[C@@H]([C@@H]([C@H]([C@H]([C@@H]([C@@H]([C@@H]([C@H]1O)C)O)C)O)C)O)C)/C)O	IGNORE:tautomer (same canonical tautomer, stored form curated for biological relevance)
cpd45780	pronaphthomycin	pronaphthomycin	name_lookup	MISMATCH	PSNWZDLWAQOJPU-AOWOKWRISA-N	DVUDTEAQSQYLEL-DTWGOXCPSA-N	138319101	C/C1=C/C=C\C=C\[C@H](C)[C@@H](O)CC(=O)/C(C)=C/C[C@H](O)/C=C/[C@H](C)[C@H](O)[C@@H](C)/C=C(\C)C(=O)C2=C(O)C(C)C(O)C3=C2C(=O)C=C(NC1=O)C3=O	C[C@H]1/C=C/C=C\C=C(/C(=O)N=C2C=C(C3=C(C(=O)C(C(C3=C2O)O)C)C(=O)/C(=C/[C@@H]([C@H]([C@H](/C=C/[C@H](C/C=C(/C(=O)C[C@@H]1O)\C)O)C)O)C)/C)O)\C	IGNORE:tautomer (same canonical tautomer, stored form curated for biological relevance)
cpd26344	1,<i>N</i><sup>6</sup>-ethenoadenine	1-N6-ethenoadenine	name_lookup	MISMATCH	SZTWKXQGCGRUHR-UHFFFAOYSA-N	OGVOXGPIHFKUGM-UHFFFAOYSA-N	104994	c1nc2ncn3cc[nH]c3c-2n1	C1=CN2C=NC3=C(C2=N1)NC=N3	IGNORE:tautomer (same canonical tautomer, stored form curated for biological relevance)
cpd26545	core oligosaccharide-lipid A (<i>E. coli</i> K-12 core type with D-GlcNAc)	lipid A-core oligosaccharide (E. coli K-12 core type)	name_lookup	MISMATCH	VRDYWCICTHFHJX-QFKNHEPOSA-D	BGOKYUYFMQEILE-MMUOPVLXSA-D	134820492	CCCCCCCCCCCCCC(=O)O[C@H](CCCCCCCCCCC)CC(=O)O[C@@H]1[C@@H](NC(=O)C[C@@H](CCCCCCCCCCC)OC(=O)CCCCCCCCCCC)[C@H](OC[C@H]2O[C@H](OP(=O)([O-])[O-])[C@H](NC(=O)C[C@H](O)CCCCCCCCCCC)[C@@H](OC(=O)C[C@H](O)CCCCCCCCCCC)[C@@H]2O)O[C@H](CO[C@]2(C(=O)[O-])C[C@@H](O[C@]3(C(=O)[O-])C[C@@H](O)[C@@H](O)[C@@H]([C@H](O)CO)O3)[C@@H](O[C@H]3O[C@H]([C@@H](O)CO)[C@@H](OP(=O)([O-])[O-])[C@H](O[C@@H]4O[C@H]([C@H](O)CO[C@H]5O[C@H]([C@@H](O)CO)[C@@H](O)[C@H](O)[C@@H]5O)[C@@H](OP(=O)([O-])[O-])[C@H](O[C@H]5O[C@H](CO[C@H]6O[C@H](CO)[C@H](O)[C@H](O)[C@H]6O)[C@@H](O)[C@H](O[C@H]6O[C@H](CO)[C@@H](O)[C@H](O)[C@H]6O[C@H]6O[C@H](CO[C@H]7O[C@H]([C@@H](O)CO[C@H]8O[C@@H](CO)[C@H](O)[C@@H](O)[C@@H]8NC(C)=O)[C@@H](O)[C@H](O)[C@@H]7O)[C@@H](O)[C@H](O)[C@H]6O)[C@H]5O)[C@@H]4O)[C@@H]3O)[C@@H]([C@H](O)CO)O2)[C@H]1OP(=O)([O-])[O-]	CCCCCCCCCCCCCC(=O)O[C@H](CCCCCCCCCCC)CC(=O)O[C@@H]1[C@H]([C@@H](O[C@@H]([C@H]1OP(=O)([O-])[O-])CO[C@@]2(C[C@H]([C@H]([C@H](O2)[C@@H](CO)O)O[C@@H]3[C@H]([C@H]([C@@H]([C@H](O3)[C@H](CO)O)OP(=O)([O-])[O-])O[C@H]4[C@H]([C@H]([C@@H]([C@H](O4)[C@@H](CO[C@@H]5[C@H]([C@H]([C@@H]([C@H](O5)[C@H](CO)O)O)O)O)O)OP(=O)([O-])[O-])O[C@@H]6[C@@H]([C@H]([C@@H]([C@H](O6)CO[C@@H]7[C@@H]([C@H]([C@H]([C@H](O7)CO)O)O)O)O)O[C@@H]8[C@@H]([C@H]([C@@H]([C@H](O8)CO)O)O)O[C@@H]9[C@@H]([C@H]([C@H]([C@H](O9)CO[C@@H]1[C@H]([C@H]([C@@H]([C@H](O1)[C@H](CO)O)O)O)O)O)O)O[C@@H]1[C@@H]([C@H]([C@@H]([C@H](O1)CO)O)O)NC(=O)C)O)O)O)O[C@@]1(C[C@H]([C@H]([C@H](O1)[C@@H](CO)O)O)O)C(=O)[O-])C(=O)[O-])OC[C@@H]1[C@H]([C@@H]([C@H]([C@H](O1)OP(=O)([O-])[O-])NC(=O)C[C@@H](CCCCCCCCCCC)O)OC(=O)C[C@@H](CCCCCCCCCCC)O)O)NC(=O)C[C@@H](CCCCCCCCCCC)OC(=O)CCCCCCCCCCC	IGNORE:likely_tautomer (tanimoto=0.99, same formula, high structural similarity — likely resonance/tautomer not caught by RDKit enumerator)
cpd27073	FMNH	CHEBI:140311	chebi_xref	MISMATCH	DGQPLVALNMGOAL-PIGZVRMJSA-L	QRMADBXCFSIJKL-SCRDCRAPSA-L	122706562	Cc1cc2c(cc1C)N(C[C@H](O)[C@H](O)[C@H](O)COP(=O)([O-])[O-])C1=NC(=O)NC(=O)C1[N]2	CC1=CC2=C(C=C1C)N(C3=C([N]2)C(=O)NC(=O)N3)C[C@@H]([C@@H]([C@@H](COP(=O)([O-])[O-])O)O)O	IGNORE:tautomer (same canonical tautomer, stored form curated for biological relevance)
cpd28824	three disacharide linked murein units (tetrapeptide crosslinked tetrapeptide (A2pm->D-ala) and tetrapeptide corsslinked tetrapeptide (A2pm->D-ala)) (middle of chain)	three disacharide linked murein units (tetrapeptide crosslinked tetrapeptide (A2pm->D-ala) and tetrapeptide corsslinked tetrapeptide (A2pm->D-ala)) (middle of chain)	name_lookup	MISMATCH	MOAQLSSYVFCVCB-UHFFFAOYSA-H	UTRNZNRTDGDGJL-UHFFFAOYSA-H	90658907	CC(=O)NC1=COC(CO)C2OC3OC(CO)C(OC4OC(CO)C5OC6OC(CO)C(OC7OC(CO)C(OC8OC(CO)C(O)C(O)C8NC(C)=O)C(OC(C)C(=O)NC(C)C(=O)NC(CCC(=O)[O-])C(=O)NC(CCCC([NH3+])C(=O)[O-])C(=O)NC(C)C(=O)NC(C(=O)[O-])CCCC(NC(=O)C(CCC(=O)[O-])NC(=O)C(C)NC(=O)C(C)OC5C4NC(C)=O)C(=O)NC(C)C(=O)NC(C(=O)[O-])CCCC(C(=O)NC(C)C(=O)[O-])NC(=O)C(CCC(=O)[O-])NC(=O)C(C)NC(=O)C(C)OC12)C7NC(C)=O)C(O)C6NC(C)=O)C(O)C3NC(C)=O	CC1C(=O)NC(C(=O)NC2CCCC(NC(=O)C(NC(=O)C(NC(=O)C(NC(=O)C(NC(=O)C(OC3C(C(OC(C3OC4C(C(C(C(O4)CO)O)O)[N-]C(=[OH+])C)CO)OC5C(OC(C(C5O)NC(=O)C)OC6C(OC(C(C6OC(C(=O)N1)C)NC(=O)C)OC7C(OC(C(C7O)NC(=O)C)OC8C(OC=C(C8OC(C(=O)NC(C(=O)NC(C(=O)NC(CCCC(NC(=O)C(NC2=O)C)C(=O)[O-])C(=O)NC(C)C(=O)[O-])CCC(=O)[O-])C)C)NC(=O)C)CO)CO)CO)CO)NC(=O)C)C)C)CCC(=O)[O-])CCCC(C(=O)[O-])[NH3+])C)C(=O)[O-])CCC(=O)[O-]	IGNORE:likely_tautomer (tanimoto=0.90, same formula, high structural similarity — likely resonance/tautomer not caught by RDKit enumerator)
cpd34083	2-(3,4-dihydroxyphenyl)-3-{[beta-D-glucopyranosyl-(1->6)-[beta-D-xylopyranosyl-(1->2)]-beta-D-galactopyranosyl]oxy}-7-hydroxychromenium-5-olate	CHEBI:77771	chebi_xref	MISMATCH	YZLUNNOXSWSADV-KMLVFDMGSA-N	JOLOOTFZGWBNSF-KMLVFDMGSA-N	86289354	O=c1cc(O)cc2oc(-c3ccc(O)c(O)c3)c(O[C@@H]3O[C@H](CO[C@@H]4O[C@H](CO)[C@@H](O)[C@H](O)[C@H]4O)[C@H](O)[C@H](O)[C@H]3O[C@@H]3OC[C@@H](O)[C@H](O)[C@H]3O)cc1-2	C1[C@H]([C@@H]([C@H]([C@@H](O1)O[C@@H]2[C@H]([C@H]([C@H](O[C@H]2OC3=C(OC4=CC(=O)C=C(C4=C3)O)C5=CC(=C(C=C5)O)O)CO[C@H]6[C@@H]([C@H]([C@@H]([C@H](O6)CO)O)O)O)O)O)O)O)O	IGNORE:tautomer (same canonical tautomer, stored form curated for biological relevance)
cpd34263	"cyanidin 3-O-[2""-O-xylosyl) 6""-O-(p-coumaroyl) glucoside"	"cyanidin 3-O-[2""-O-xylosyl) 6""-O-(p-coumaroyl) glucoside"	name_lookup	MISMATCH	JVJUUHSUZPVKAW-PKBSZGIOSA-N	LODAXRLTBOQHOG-PKBSZGIOSA-N	102515296	O=C(/C=C/c1ccc(O)cc1)OC[C@H]1O[C@@H](Oc2cc3c(=O)cc(O)cc-3oc2-c2ccc(O)c(O)c2)[C@H](O[C@@H]2OC[C@@H](O)[C@H](O)[C@H]2O)[C@@H](O)[C@@H]1O	C1[C@H]([C@@H]([C@H]([C@@H](O1)O[C@@H]2[C@H]([C@@H]([C@H](O[C@H]2OC3=C(OC4=CC(=O)C=C(C4=C3)O)C5=CC(=C(C=C5)O)O)COC(=O)/C=C/C6=CC=C(C=C6)O)O)O)O)O)O	IGNORE:tautomer (same canonical tautomer, stored form curated for biological relevance)
cpd34282	(2E,4E,6E)-7-hydroxy-5-methylhepta-2,4,6-trienal	(2E,4E,6E)-7-hydroxy-5-methylhepta-2,4,6-trienal	name_lookup	MISMATCH	OIBRIQATBRRRAV-CRBCFSCISA-N	YZJGPDGMPYPJDT-SETVBOMASA-N	90658495	C/C(=C\C=C\C=O)CC=O	C/C(=C\C=O)/C=C/C=C/O	IGNORE:tautomer (same canonical tautomer, stored form curated for biological relevance)
cpd34356	2,4,6-trioxohexanoate	2,4,6-trioxohexanoate	name_lookup	MISMATCH	PRBKIXICJWIGKP-UHFFFAOYSA-M	FZZFPTPSFVJXGD-UHFFFAOYSA-M	122706433	O=CCC(O)=CC(=O)C(=O)[O-]	C(C=O)C(=O)CC(=O)C(=O)[O-]	IGNORE:tautomer (same canonical tautomer, stored form curated for biological relevance)
