cpd_id	name_queried	strategy	result_type	stored_inchikey	pubchem_inchikey	pubchem_cid	stored_smiles	pubchem_smiles
cpd00002	CHEBI:30616	chebi_xref	PROTONATION_DIFF	ZKHQWZAMYRWXGA-KQYNXXCUSA-K	ZKHQWZAMYRWXGA-KQYNXXCUSA-J	5461108	Nc1ncnc2c1ncn2[C@@H]1O[C@H](COP(=O)([O-])OP(=O)([O-])OP(=O)([O-])O)[C@@H](O)[C@H]1O	
cpd00008	CHEBI:456216	chebi_xref	PROTONATION_DIFF	XTWYTFMLZFPYCI-KQYNXXCUSA-L	XTWYTFMLZFPYCI-KQYNXXCUSA-K	7058055	Nc1ncnc2c1ncn2[C@@H]1O[C@H](COP(=O)(O)OP(=O)([O-])[O-])[C@@H](O)[C@H]1O	
cpd00014	CHEBI:58223	chebi_xref	PROTONATION_DIFF	XCCTYIAWTASOJW-XVFCMESISA-L	XCCTYIAWTASOJW-XVFCMESISA-K	20056717	O=c1ccn([C@@H]2O[C@H](COP(=O)([O-])OP(=O)([O-])O)[C@@H](O)[C@H]2O)c(=O)[nH]1	
cpd00015	CHEBI:57692	chebi_xref	PROTONATION_DIFF	VWWQXMAJTJZDQX-UYBVJOGSSA-L	VWWQXMAJTJZDQX-UYBVJOGSSA-K	46906035	Cc1cc2nc3c(=O)[nH]c(=O)nc-3n(C[C@H](O)[C@H](O)[C@H](O)COP(=O)([O-])OP(=O)([O-])OC[C@H]3O[C@@H](n4cnc5c(N)ncnc54)[C@H](O)[C@@H]3O)c2cc1C	
cpd00031	CHEBI:58189	chebi_xref	PROTONATION_DIFF	QGWNDRXFNXRZMB-UUOKFMHZSA-L	QGWNDRXFNXRZMB-UUOKFMHZSA-K	135398618	Nc1nc2c(ncn2[C@@H]2O[C@H](COP(=O)([O-])OP(=O)([O-])O)[C@@H](O)[C@H]2O)c(=O)[nH]1	
cpd00038	CHEBI:37565	chebi_xref	PROTONATION_DIFF	XKMLYUALXHKNFT-UUOKFMHZSA-K	XKMLYUALXHKNFT-UUOKFMHZSA-J	135398632	Nc1nc2c(ncn2[C@@H]2O[C@H](COP(=O)([O-])OP(=O)([O-])OP(=O)([O-])O)[C@@H](O)[C@H]2O)c(=O)[nH]1	
cpd00042	CHEBI:57925	chebi_xref	PROTONATION_DIFF	RWSXRVCMGQZWBV-WDSKDSINSA-L	RWSXRVCMGQZWBV-WDSKDSINSA-M	7048684	[NH3+][C@@H](CCC(=O)N[C@@H](C[S-])C(=O)NCC(=O)[O-])C(=O)[O-]	
cpd00043	C00052	kegg_xref	PROTONATION_DIFF	HSCJRCZFDFQWRP-WBRQRZOHSA-L	HSCJRCZFDFQWRP-WBRQRZOHSA-N	23724458	O=c1ccn(C2O[C@H](COP(=O)([O-])OP(=O)([O-])O[C@H]3O[C@H](CO)[C@H](O)[C@H](O)[C@H]3O)[C@@H](O)[C@H]2O)c(=O)[nH]1	
cpd00050	CHEBI:58210	chebi_xref	PROTONATION_DIFF	FVTCRASFADXXNN-SCRDCRAPSA-L	FVTCRASFADXXNN-SCRDCRAPSA-K	44229199	Cc1cc2nc3c(=O)[nH]c(=O)nc-3n(C[C@H](O)[C@H](O)[C@H](O)COP(=O)([O-])[O-])c2cc1C	
cpd00052	CHEBI:37563	chebi_xref	PROTONATION_DIFF	PCDQPRRSZKQHHS-XVFCMESISA-K	PCDQPRRSZKQHHS-XVFCMESISA-J	7058166	Nc1ccn([C@@H]2O[C@H](COP(=O)([O-])OP(=O)([O-])OP(=O)([O-])O)[C@@H](O)[C@H]2O)c(=O)n1	
cpd00056	CHEBI:58937	chebi_xref	PROTONATION_DIFF	AYEKOFBPNLCAJY-UHFFFAOYSA-M	AYEKOFBPNLCAJY-UHFFFAOYSA-L	15938963	Cc1ncc(C[n+]2csc(CCOP(=O)([O-])OP(=O)([O-])O)c2C)c(N)n1	
cpd00062	CHEBI:46398	chebi_xref	PROTONATION_DIFF	PGAVKCOVUIYSFO-XVFCMESISA-K	PGAVKCOVUIYSFO-XVFCMESISA-J	7058168	O=c1ccn([C@@H]2O[C@H](COP(=O)([O-])OP(=O)(O)OP(=O)([O-])[O-])[C@@H](O)[C@H]2O)c(=O)[nH]1	
cpd00068	CHEBI:61402	chebi_xref	PROTONATION_DIFF	HAEJPQIATWHALX-KQYNXXCUSA-K	HAEJPQIATWHALX-KQYNXXCUSA-J	135398642	O=c1[nH]cnc2c1ncn2[C@@H]1O[C@H](COP(=O)([O-])OP(=O)(O)OP(=O)([O-])[O-])[C@@H](O)[C@H]1O	
cpd00074	CHEBI:26833	chebi_xref	PROTONATION_DIFF	RWSOTUBLDIXVET-UHFFFAOYSA-M	RWSOTUBLDIXVET-UHFFFAOYSA-N	402	[SH-]	
cpd00075	CHEBI:16301	chebi_xref	PROTONATION_DIFF	IOVCWXUNBOPUCH-UHFFFAOYSA-N	IOVCWXUNBOPUCH-UHFFFAOYSA-M	946	O=NO	
cpd00081	CHEBI:17359	chebi_xref	PROTONATION_DIFF	LSNNMFCWUKXFEE-UHFFFAOYSA-M	LSNNMFCWUKXFEE-UHFFFAOYSA-L	1099	O=S([O-])O	
cpd00084	CHEBI:35235	chebi_xref	PROTONATION_DIFF	XUJNEKJLAYXESH-REOHCLBHSA-M	XUJNEKJLAYXESH-REOHCLBHSA-N	6419722	[NH3+][C@@H](C[S-])C(=O)[O-]	
cpd00090	CHEBI:58280	chebi_xref	PROTONATION_DIFF	JPXZQMKKFWMMGK-KQYNXXCUSA-L	JPXZQMKKFWMMGK-KQYNXXCUSA-K	135573953	O=c1[nH]cnc2c1ncn2[C@@H]1O[C@H](COP(=O)([O-])OP(=O)([O-])O)[C@@H](O)[C@H]1O	
cpd00096	CHEBI:58069	chebi_xref	PROTONATION_DIFF	ZWIADYZPOWUWEW-XVFCMESISA-L	ZWIADYZPOWUWEW-XVFCMESISA-K	20056867	Nc1ccn([C@@H]2O[C@H](COP(=O)([O-])OP(=O)([O-])O)[C@@H](O)[C@H]2O)c(=O)n1	
cpd00103	CHEBI:58017	chebi_xref	PROTONATION_DIFF	PQGCEDQWHSBAJP-TXICZTDVSA-J	PQGCEDQWHSBAJP-TXICZTDVSA-I	20848918	O=P([O-])([O-])OC[C@H]1O[C@H](OP(=O)([O-])OP(=O)([O-])O)[C@H](O)[C@@H]1O	
cpd00113	CHEBI:128769	chebi_xref	PROTONATION_DIFF	NUHSROFQTUXZQQ-UHFFFAOYSA-L	NUHSROFQTUXZQQ-UHFFFAOYSA-K	15983957	C=C(C)CCOP(=O)([O-])OP(=O)([O-])O	
cpd00115	CHEBI:61404	chebi_xref	PROTONATION_DIFF	SUYVUBYJARFZHO-RRKCRQDMSA-K	SUYVUBYJARFZHO-RRKCRQDMSA-J	25320183	Nc1ncnc2c1ncn2[C@H]1C[C@H](O)[C@@H](COP(=O)([O-])OP(=O)([O-])OP(=O)([O-])O)O1	
cpd00175	C00203	kegg_xref	PROTONATION_DIFF	LFTYTUAZOPRMMI-FTFHWYEPSA-L	LFTYTUAZOPRMMI-FTFHWYEPSA-N	23724461	CC(=O)N[C@H]1[C@@H](OP(=O)([O-])OP(=O)([O-])OC[C@H]2OC(n3ccc(=O)[nH]c3=O)[C@H](O)[C@@H]2O)O[C@H](CO)[C@H](O)[C@@H]1O	
cpd00177	CHEBI:57667	chebi_xref	PROTONATION_DIFF	DAEAPNUQQAICNR-RRKCRQDMSA-L	DAEAPNUQQAICNR-RRKCRQDMSA-K	21125569	Nc1ncnc2c1ncn2[C@H]1C[C@H](O)[C@@H](COP(=O)(O)OP(=O)([O-])[O-])O1	
cpd00202	CHEBI:57623	chebi_xref	PROTONATION_DIFF	CBIDRCWHNCKSTO-UHFFFAOYSA-L	CBIDRCWHNCKSTO-UHFFFAOYSA-K	15983958	CC(C)=CCOP(=O)([O-])OP(=O)([O-])O	
cpd00220	CHEBI:57986	chebi_xref	PROTONATION_DIFF	AUNGANRZJHBGPY-SCRDCRAPSA-N	AUNGANRZJHBGPY-SCRDCRAPSA-M	45480541	Cc1cc2nc3c(=O)[nH]c(=O)nc-3n(C[C@H](O)[C@H](O)[C@H](O)CO)c2cc1C	
cpd00240	CHEBI:64755	chebi_xref	PROTONATION_DIFF	KCXVZYZYPLLWCC-UHFFFAOYSA-J	KCXVZYZYPLLWCC-UHFFFAOYSA-L	5246202	O=C([O-])CN(CCN(CC(=O)[O-])CC(=O)[O-])CC(=O)[O-]	
cpd00241	CHEBI:61429	chebi_xref	PROTONATION_DIFF	HAAZLUGHYHWQIW-KVQBGUIXSA-K	HAAZLUGHYHWQIW-KVQBGUIXSA-J	135398598	Nc1nc2c(ncn2[C@H]2C[C@H](O)[C@@H](COP(=O)([O-])OP(=O)([O-])OP(=O)([O-])O)O2)c(=O)[nH]1	
cpd00255	C00306	kegg_xref	PROTONATION_DIFF	QXZGBUJJYSLZLT-FDISYFBBSA-P	QXZGBUJJYSLZLT-FDISYFBBSA-N	439201	NC(=[NH2+])NCCC[C@H](NC(=O)[C@H](Cc1ccccc1)NC(=O)[C@@H]1CCCN1C(=O)[C@H](CO)NC(=O)[C@H](Cc1ccccc1)NC(=O)CNC(=O)[C@@H]1CCCN1C(=O)[C@@H]1CCCN1C(=O)[C@@H]([NH3+])CCCNC(N)=[NH2+])C(=O)[O-]	
cpd00260	C00311	kegg_xref	PROTONATION_DIFF	ODBLHEXUDAPZAU-UHFFFAOYSA-K	ODBLHEXUDAPZAU-UHFFFAOYSA-N	1198	O=C([O-])CC(C(=O)[O-])C(O)C(=O)[O-]	
cpd00272	C00325	kegg_xref	PROTONATION_DIFF	LQEBEXMHBLQMDB-JGQUBWHWSA-L	LQEBEXMHBLQMDB-JGQUBWHWSA-N	135398655	C[C@@H]1O[C@H](OP(=O)([O-])OP(=O)([O-])OC[C@H]2O[C@@H](n3cnc4c(=O)[nH]c(N)nc43)[C@H](O)[C@@H]2O)[C@@H](O)[C@H](O)[C@@H]1O	
cpd00283	CHEBI:58057	chebi_xref	PROTONATION_DIFF	GVVPGTZRZFNKDS-JXMROGBWSA-L	GVVPGTZRZFNKDS-JXMROGBWSA-K	19379894	CC(C)=CCC/C(C)=C/COP(=O)([O-])OP(=O)([O-])O	
cpd00289	CHEBI:58756	chebi_xref	PROTONATION_DIFF	OINNEUNVOZHBOX-QIRCYJPOSA-L	OINNEUNVOZHBOX-QIRCYJPOSA-K	5497105	CC(C)=CCC/C(C)=C/CC/C(C)=C/CC/C(C)=C/COP(=O)([O-])OP(=O)([O-])O	
cpd00290	C00354	kegg_xref	PROTONATION_DIFF	RNBGYGVWRKECFJ-VRPWFDPXSA-J	RNBGYGVWRKECFJ-VRPWFDPXSA-N	172313	O=P([O-])([O-])OC[C@H]1OC(O)(COP(=O)([O-])[O-])[C@@H](O)[C@@H]1O	
cpd00295	CHEBI:58595	chebi_xref	PROTONATION_DIFF	CIKGWCTVFSRMJU-KVQBGUIXSA-L	CIKGWCTVFSRMJU-KVQBGUIXSA-K	135398594	Nc1nc2c(ncn2[C@H]2C[C@H](O)[C@@H](COP(=O)([O-])OP(=O)([O-])O)O2)c(=O)[nH]1	
cpd00297	CHEBI:58369	chebi_xref	PROTONATION_DIFF	UJLXYODCHAELLY-XLPZGREQSA-L	UJLXYODCHAELLY-XLPZGREQSA-K	21124327	Cc1cn([C@H]2C[C@H](O)[C@@H](COP(=O)([O-])OP(=O)([O-])O)O2)c(=O)[nH]c1=O	
cpd00300	CHEBI:17775	chebi_xref	PROTONATION_DIFF	LEHOTFFKMJEONL-UHFFFAOYSA-M	LEHOTFFKMJEONL-UHFFFAOYSA-N	1175	O=c1[n-]c2nc(O)nc(O)c2[nH]1	
cpd00313	CHEBI:57694	chebi_xref	PROTONATION_DIFF	REFJWTPEDVJJIY-UHFFFAOYSA-L	REFJWTPEDVJJIY-UHFFFAOYSA-M	46906036	O=c1c(O)c(-c2ccc(O)c(O)c2)oc2cc([O-])cc([O-])c12	
cpd00350	CHEBI:175763	chebi_xref	PROTONATION_DIFF	VWFJDQUYCIWHTN-YFVJMOTDSA-L	VWFJDQUYCIWHTN-YFVJMOTDSA-K	15983959	CC(C)=CCC/C(C)=C/CC/C(C)=C/COP(=O)([O-])OP(=O)([O-])O	
cpd00356	CHEBI:61481	chebi_xref	PROTONATION_DIFF	RGWHQCVHVJXOKC-SHYZEUOFSA-K	RGWHQCVHVJXOKC-SHYZEUOFSA-J	25244665	Nc1ccn([C@H]2C[C@H](O)[C@@H](COP(=O)([O-])OP(=O)([O-])OP(=O)([O-])O)O2)c(=O)n1	
cpd00357	CHEBI:37568	chebi_xref	PROTONATION_DIFF	NHVNXKFIZYSCEB-XLPZGREQSA-K	NHVNXKFIZYSCEB-XLPZGREQSA-J	11988283	Cc1cn([C@H]2C[C@H](O)[C@@H](COP(=O)([O-])OP(=O)([O-])OP(=O)([O-])O)O2)c(=O)[nH]c1=O	
cpd00358	CHEBI:61555	chebi_xref	PROTONATION_DIFF	AHCYMLUZIRLXAA-SHYZEUOFSA-K	AHCYMLUZIRLXAA-SHYZEUOFSA-J	25244408	O=c1ccn([C@H]2C[C@H](O)[C@@H](COP(=O)([O-])OP(=O)(O)OP(=O)([O-])[O-])O2)c(=O)[nH]1	
cpd00384	C00494	kegg_xref	PROTONATION_DIFF	URWAJWIAIPFPJE-YFMIWBNJSA-S	URWAJWIAIPFPJE-YFMIWBNJSA-N	36119	C[NH2+][C@@H]1[C@@H](O)[C@@H](O[C@@H]2[C@@H](O)[C@H](O[C@H]3OC(C[NH3+])=CC[C@H]3[NH3+])[C@@H]([NH3+])C[C@H]2[NH3+])OC[C@]1(C)O	
cpd00385	CHEBI:77639	chebi_xref	PROTONATION_DIFF	YJRLSCDUYLRBIZ-UHFFFAOYSA-N	YJRLSCDUYLRBIZ-UHFFFAOYSA-M	86289303	COC(=O)c1cc(O)cc(OC)c1C(=O)c1c(O)cc(C)cc1O	
cpd00414	C00528	kegg_xref	PROTONATION_DIFF	DQJCDTNMLBYVAY-ZXXIYAEKSA-O	DQJCDTNMLBYVAY-ZXXIYAEKSA-N	56928060	CC[NH2+][C@H]1C(O)O[C@H](CO)[C@@H](O[C@@H]2O[C@H](CO)[C@@H](O)[C@H](O)[C@H]2NC(C)=O)[C@@H]1OC(C)C(=O)N[C@H](C)C(=O)N[C@H](CCC(=O)N[C@H](CCCC[NH3+])C(=O)N[C@@H](C)C(=O)[O-])C(N)=O	
cpd00421	CHEBI:18036	chebi_xref	PROTONATION_DIFF	UNXRWKVEANCORM-UHFFFAOYSA-J	UNXRWKVEANCORM-UHFFFAOYSA-I	3440921	O=P([O-])([O-])OP(=O)([O-])OP(=O)([O-])O	
cpd00440	C00563	kegg_xref	PROTONATION_DIFF	ZPHBZEQOLSRPAK-XLCYBJAPSA-L	ZPHBZEQOLSRPAK-XLCYBJAPSA-N	445114	CC(C)C[C@H](NP(=O)([O-])O[C@@H]1O[C@@H](C)[C@H](O)[C@@H](O)[C@H]1O)C(=O)N[C@@H](Cc1c[nH]c2ccccc12)C(=O)[O-]	
cpd00471	CHEBI:58254	chebi_xref	PROTONATION_DIFF	DNAYVNOVGHZZLH-UHFFFAOYSA-K	DNAYVNOVGHZZLH-UHFFFAOYSA-L	25203115	O=c1c(OS(=O)(=O)[O-])c(-c2ccc(O)c(O)c2)oc2cc([O-])cc([O-])c12	
cpd00506	CHEBI:58173	chebi_xref	PROTONATION_DIFF	RITKHVBHSGLULN-WHFBIAKZSA-L	RITKHVBHSGLULN-WHFBIAKZSA-M	7059430	[NH3+][C@@H](CCC(=O)N[C@@H](C[S-])C(=O)[O-])C(=O)[O-]	
cpd00530	CHEBI:61314	chebi_xref	PROTONATION_DIFF	CAEFEWVYEZABLA-UUOKFMHZSA-K	CAEFEWVYEZABLA-UUOKFMHZSA-J	25245622	O=c1[nH]c(=O)c2ncn([C@@H]3O[C@H](COP(=O)([O-])OP(=O)([O-])OP(=O)([O-])O)[C@@H](O)[C@H]3O)c2[nH]1	
cpd00533	CHEBI:58593	chebi_xref	PROTONATION_DIFF	FTDHDKPUHBLBTL-SHYZEUOFSA-L	FTDHDKPUHBLBTL-SHYZEUOFSA-K	21122964	Nc1ccn([C@H]2C[C@H](O)[C@@H](COP(=O)([O-])OP(=O)([O-])O)O2)c(=O)n1	
cpd00541	C00725	kegg_xref	PROTONATION_DIFF	AGBQKNBQESQNJD-UHFFFAOYSA-M	AGBQKNBQESQNJD-UHFFFAOYSA-N	864	O=C([O-])CCCCC1CCSS1	
cpd00547	C00736	kegg_xref	PROTONATION_DIFF	XUJNEKJLAYXESH-UHFFFAOYSA-M	XUJNEKJLAYXESH-UHFFFAOYSA-N	594	[NH3+]C(C[S-])C(=O)[O-]	
cpd00553	C00744	kegg_xref	PROTONATION_DIFF	UFUYRGNJTFAODM-HQCAVAADSA-O	UFUYRGNJTFAODM-HQCAVAADSA-N	5280369	CC[C@H]1OC(=O)C[C@@H](O)[C@H](C)[C@@H](O[C@@H]2O[C@H](C)[C@@H](O[C@H]3C[C@@](C)(O)[C@@H](O)[C@H](C)O3)[C@H]([NH+](C)C)[C@H]2O)[C@@H](CC=O)C[C@@H](C)C(=O)/C=C/C(C)=C/[C@@H]1CO[C@@H]1O[C@H](C)[C@@H](O)[C@@H](O)[C@H]1OC	
cpd00555	C00746	kegg_xref	PROTONATION_DIFF	XNOPRXBHLZRZKH-DSZYJQQASA-O	XNOPRXBHLZRZKH-DSZYJQQASA-N	439302	CC[C@H](C)[C@@H]1NC(=O)[C@H](Cc2ccc(O)cc2)NC(=O)[C@@H]([NH3+])CSSC[C@@H](C(=O)N2CCC[C@H]2C(=O)N[C@@H](CC(C)C)C(=O)NCC(N)=O)NC(=O)[C@H](CC(N)=O)NC(=O)[C@H](CCC(N)=O)NC1=O	
cpd00575	C00773	kegg_xref	PROTONATION_DIFF	FAXGPCHRFPCXOO-JHTFMCFMSA-M	FAXGPCHRFPCXOO-JHTFMCFMSA-N	5462227	CC(C)CC(=O)N[C@H](C(=O)N[C@H](C(=O)NC(CC(C)C)C(O)CC(=O)N[C@@H](C)C(=O)NC(CC(C)C)C(O)CC(=O)[O-])C(C)C)C(C)C	
cpd00587	CHEBI:35236	chebi_xref	PROTONATION_DIFF	XUJNEKJLAYXESH-UWTATZPHSA-M	XUJNEKJLAYXESH-UWTATZPHSA-N	6419721	[NH3+][C@H](C[S-])C(=O)[O-]	
cpd00590	C00796	kegg_xref	PROTONATION_DIFF	DOBMPNYZJYQDGZ-UHFFFAOYSA-L	DOBMPNYZJYQDGZ-UHFFFAOYSA-N	54676038	O=c1oc2ccccc2c([O-])c1Cc1c([O-])c2ccccc2oc1=O	
cpd00617	C00827	kegg_xref	PROTONATION_DIFF	VIWKEBOLLIEAIL-FBMOWMAESA-J	VIWKEBOLLIEAIL-FBMOWMAESA-N	3081970	CC(O)C(=O)SCCNC(=O)CCNC(=O)[C@H](O)C(C)(C)COP(=O)([O-])OP(=O)([O-])OC[C@H]1O[C@@H](n2cnc3c(N)ncnc32)[C@H](O)[C@@H]1OP(=O)([O-])[O-]	
cpd00621	C00832	kegg_xref	PROTONATION_DIFF	UOZODPSAJZTQNH-LSWIJEOBSA-S	UOZODPSAJZTQNH-LSWIJEOBSA-N	165580	[NH3+]C[C@@H]1O[C@H](O[C@H]2[C@@H](O)[C@H](O[C@@H]3[C@@H](O)[C@H]([NH3+])C[C@H]([NH3+])[C@H]3O[C@H]3O[C@H](CO)[C@@H](O)[C@H](O)[C@H]3[NH3+])O[C@@H]2CO)[C@H]([NH3+])[C@@H](O)[C@@H]1O	
cpd00643	C00862	kegg_xref	PROTONATION_DIFF	CKRUWFDORAQSRC-HDLCADABSA-J	CKRUWFDORAQSRC-HDLCADABSA-N	21122601	[NH3+]Cc1cc(COc2ccc(CCNC(=O)CC[C@H](NC(=O)CC[C@H](NC(=O)CCC(C(=O)[O-])C(CCC(=O)[O-])C(=O)[O-])C(=O)[O-])C(=O)[O-])cc2)co1	
cpd00646	CHEBI:57917	chebi_xref	PROTONATION_DIFF	BTJIUGUIPKRLHP-UHFFFAOYSA-N	BTJIUGUIPKRLHP-UHFFFAOYSA-M	644235	O=[N+]([O-])c1ccc(O)cc1	
cpd00648	CHEBI:147350	chebi_xref	PROTONATION_DIFF	ORWYRWWVDCYOMK-HBZPZAIKSA-O	ORWYRWWVDCYOMK-HBZPZAIKSA-N	90657349	CC[C@H](C)[C@H](NC(=O)[C@H](Cc1ccc(O)cc1)NC(=O)[C@@H](NC(=O)[C@H](CCCNC(N)=[NH2+])NC(=O)[C@@H]([NH3+])CC(=O)[O-])C(C)C)C(=O)N[C@@H](Cc1c[nH]c[nH+]1)C(=O)N1CCC[C@H]1C(=O)N[C@@H](Cc1ccccc1)C(=O)N[C@@H](Cc1c[nH]cn1)C(=O)N[C@@H](CC(C)C)C(=O)[O-]	
cpd00664	C00896	kegg_xref	PROTONATION_DIFF	RDFCSSHDJSZMTQ-ZDUSSCGKSA-O	RDFCSSHDJSZMTQ-ZDUSSCGKSA-N	73094	Cc1ccc(S(=O)(=O)N[C@@H](CCCC[NH3+])C(=O)CCl)cc1	
cpd00671	C00904	kegg_xref	PROTONATION_DIFF	XYGOWHUIVNMEIA-NOUMMWROSA-I	XYGOWHUIVNMEIA-NOUMMWROSA-N	11966219	CC(O)(CC(=O)SCCNC(=O)CCNC(=O)[C@H](O)C(C)(C)COP(=O)([O-])OP(=O)([O-])OC[C@H]1O[C@@H](n2cnc3c(N)ncnc32)[C@H](O)[C@@H]1OP(=O)([O-])[O-])C(=O)[O-]	
cpd00687	CHEBI:77633	chebi_xref	PROTONATION_DIFF	CTNZOGJNVIFEBA-MOKAZRKYSA-M	CTNZOGJNVIFEBA-MOKAZRKYSA-L	135563647	[NH3+][C@@H](CCOc1ccc(/C(=N/O)C(=O)N[C@H]2CN([C@@H](C(=O)[O-])c3ccc(O)cc3)C2=O)cc1)C(=O)[O-]	
cpd00713	C00968	kegg_xref	PROTONATION_DIFF	MKMZAENVDZADSW-RRKCRQDMSA-M	MKMZAENVDZADSW-RRKCRQDMSA-N	188955	Nc1ncnc2c1ncn2[C@H]1C[C@@H]2OP(=O)([O-])OC[C@H]2O1	
cpd00735	C01001	kegg_xref	PROTONATION_DIFF	RGBIJPWAWLXPOC-NBAFEDJBSA-I	RGBIJPWAWLXPOC-NBAFEDJBSA-N	21122662	O=CNCc1cc(COc2ccc(CCNC(=O)CC[C@H](NC(=O)CC[C@H](NC(=O)CCC(C(=O)[O-])C(CCC(=O)[O-])C(=O)[O-])C(=O)[O-])C(=O)[O-])cc2)co1	
cpd00736	C01002	kegg_xref	PROTONATION_DIFF	HXXFSFRBOHSIMQ-UHFFFAOYSA-L	HXXFSFRBOHSIMQ-UHFFFAOYSA-N	466	O=P([O-])([O-])OC1OC(CO)C(O)C(O)C1O	
cpd00741	C01009	kegg_xref	PROTONATION_DIFF	MEJLHDUXDMCALH-GUBZJDGZSA-L	MEJLHDUXDMCALH-GUBZJDGZSA-N	20776698	O=c1ccn([C@@H]2O[C@H](COP(=O)([O-])OP(=O)([O-])O[C@@H]3C[C@@H](O)[C@H](O)[C@@H](CO)O3)[C@@H](O)[C@H]2O)c(=O)[nH]1	
cpd00754	C01023	kegg_xref	PROTONATION_DIFF	ASXBYYWOLISCLQ-HZYVHMACSA-Q	ASXBYYWOLISCLQ-HZYVHMACSA-N	439369	C[NH2+][C@@H]1[C@H](O[C@H]2[C@H](O[C@H]3[C@H](O)[C@@H](O)[C@H](NC(N)=[NH2+])[C@@H](O)[C@@H]3NC(N)=[NH2+])O[C@@H](C)[C@]2(O)CO)O[C@@H](CO)[C@H](O)[C@H]1O	
cpd00779	CHEBI:57506	chebi_xref	PROTONATION_DIFF	NYPYHUZRZVSYKL-ZETCQYMHSA-N	NYPYHUZRZVSYKL-ZETCQYMHSA-M	28094582	[NH3+][C@@H](Cc1cc(I)c(O)c(I)c1)C(=O)[O-]	
cpd00785	C01067	kegg_xref	PROTONATION_DIFF	OKUVUONOJCDUJY-PHYPRBDBSA-M	OKUVUONOJCDUJY-PHYPRBDBSA-N	439386	O=S(=O)([O-])OC[C@H]1O[C@H](O)[C@H](O)[C@@H](O)[C@H]1O	
cpd00803	C01095	kegg_xref	PROTONATION_DIFF	NSCLVINFVJKEKF-TXICZTDVSA-L	NSCLVINFVJKEKF-TXICZTDVSA-N	439395	O=P([O-])(O)OP(=O)([O-])OC[C@H]1O[C@@H](O)[C@H](O)[C@@H]1O	
cpd00841	CHEBI:57557	chebi_xref	PROTONATION_DIFF	SIGQQUBJQXSAMW-ZCFIWIBFSA-K	SIGQQUBJQXSAMW-ZCFIWIBFSA-J	24916915	C[C@@](O)(CCOP(=O)([O-])OP(=O)([O-])O)CC(=O)[O-]	
cpd00849	CHEBI:58305	chebi_xref	PROTONATION_DIFF	CVENNDDRCHLONB-UHFFFAOYSA-J	CVENNDDRCHLONB-UHFFFAOYSA-K	25201878	O=c1c(OS(=O)(=O)[O-])c(-c2ccc(O)c(OS(=O)(=O)[O-])c2)oc2cc([O-])cc([O-])c12	
cpd00850	CHEBI:58353	chebi_xref	PROTONATION_DIFF	MUUFJLJGMRBUTO-UHFFFAOYSA-J	MUUFJLJGMRBUTO-UHFFFAOYSA-K	25202871	O=c1c(OS(=O)(=O)[O-])c(-c2ccc(OS(=O)(=O)[O-])c(O)c2)oc2cc([O-])cc([O-])c12	
cpd00860	C01169	kegg_xref	PROTONATION_DIFF	KWKBJWYJJBQOAE-UHFFFAOYSA-M	KWKBJWYJJBQOAE-UHFFFAOYSA-N	11953795	NC(=O)CCCCC(S)CCSC(=O)CCC(=O)[O-]	
cpd00862	C01171	kegg_xref	PROTONATION_DIFF	HXXFSFRBOHSIMQ-SQHQMROCSA-L	HXXFSFRBOHSIMQ-SQHQMROCSA-N	439426	O=P([O-])([O-])O[C@H]1OC(CO)C(O)C(O)C1O	
cpd00874	C01186	kegg_xref	PROTONATION_DIFF	NGDLSXMSQYUVSJ-WHFBIAKZSA-O	NGDLSXMSQYUVSJ-WHFBIAKZSA-N	439430	C[C@H]([NH3+])C[C@H]([NH3+])CC(=O)[O-]	
cpd00887	C01207	kegg_xref	PROTONATION_DIFF	PAFLSMZLRSPALU-UHFFFAOYSA-M	PAFLSMZLRSPALU-UHFFFAOYSA-N	439435	O=C([O-])C(O)Cc1ccc(O)c(O)c1	
cpd00906	CHEBI:58179	chebi_xref	PROTONATION_DIFF	NGFSMHKFTZROKJ-MMSZMYIBSA-L	NGFSMHKFTZROKJ-MMSZMYIBSA-K	25246217	CC(C)=CCC/C(C)=C/CC/C(C)=C/CC/C(C)=C/CC/C(C)=C/CC/C(C)=C/COP(=O)([O-])OP(=O)([O-])O	
cpd00915	CHEBI:58023	chebi_xref	PROTONATION_DIFF	TZPLBTUUWSVGCY-UHFFFAOYSA-M	TZPLBTUUWSVGCY-UHFFFAOYSA-L	25203829	O=C([O-])C(=O)Cc1cc(I)c(O)c(I)c1	
cpd00922	CHEBI:77631	chebi_xref	PROTONATION_DIFF	GEJXSVNGWOSZPC-UHFFFAOYSA-M	GEJXSVNGWOSZPC-UHFFFAOYSA-N	1194	O=C([O-])C1=NCCCC1	
cpd00929	C01266	kegg_xref	PROTONATION_DIFF	LJIOWVLIRDRGSB-MLIDHZNVSA-O	LJIOWVLIRDRGSB-MLIDHZNVSA-N	11953798	C[NH2+][C@@H]1[C@H](O[C@H]2[C@H](O[C@H]3[C@H](O)[C@@H](OP(=O)([O-])[O-])[C@H](NC(N)=[NH2+])[C@@H](O)[C@@H]3NC(N)=[NH2+])O[C@@H](C)[C@@H]2CO)O[C@@H](CO)[C@H](O)[C@H]1O	
cpd00936	C01274	kegg_xref	PROTONATION_DIFF	RMPHWTMYCVTPKB-ZQPYBXQSSA-K	RMPHWTMYCVTPKB-ZQPYBXQSSA-N	135398666	C[C@@H]1Nc2[nH]c(N)nc(=O)c2N(C=O)[C@H]1[C@@H](C)Nc1ccc(C[C@H](O)[C@H](O)[C@H](O)CO[C@H]2O[C@H](COP(=O)([O-])O[C@@H](CCC(=O)[O-])C(=O)[O-])[C@@H](O)[C@H]2O)cc1	
cpd00937	C01275	kegg_xref	PROTONATION_DIFF	APKXMKWCGDBYNV-AATRIKPKSA-L	APKXMKWCGDBYNV-AATRIKPKSA-N	5280421	O=C([O-])C(=O)/C=C/c1ccccc1C(=O)[O-]	
cpd00944	C01285	kegg_xref	PROTONATION_DIFF	OQAQIZUKXROORY-UHFFFAOYSA-M	OQAQIZUKXROORY-UHFFFAOYSA-N	439469	O=C1CCC(=Nc2cc(Cl)c([O-])c(Cl)c2)c2ccccc21	
cpd00961	C01313	kegg_xref	PROTONATION_DIFF	IFPDMYFQTNXKKD-YVNMAJEFSA-M	IFPDMYFQTNXKKD-YVNMAJEFSA-N	439482	O=C([O-])CNC(=O)[C@@H]1CC(c2ccc3c(c2)OCO3)C(CS)N1O	
cpd00962	C01314	kegg_xref	PROTONATION_DIFF	LNRYWMBIOOXPID-MLHUMARHSA-M	LNRYWMBIOOXPID-MLHUMARHSA-N	5462236	C[C@H](NC(=O)[C@@H]1CC(c2ccc3c(c2)OCO3)C(CS)N1O)C(=O)[O-]	
cpd00972	CHEBI:59884	chebi_xref	PROTONATION_DIFF	YMOPVQQBWLGDOD-UUOKFMHZSA-L	YMOPVQQBWLGDOD-UUOKFMHZSA-K	25203240	O=c1[nH]c(=O)c2ncn([C@@H]3O[C@H](COP(=O)([O-])OP(=O)([O-])O)[C@@H](O)[C@H]3O)c2[nH]1	
cpd00976	CHEBI:62286	chebi_xref	PROTONATION_DIFF	BKUSIKGSPSFQAC-RRKCRQDMSA-L	BKUSIKGSPSFQAC-RRKCRQDMSA-K	135874855	O=c1[nH]cnc2c1ncn2[C@H]1C[C@H](O)[C@@H](COP(=O)([O-])OP(=O)([O-])O)O1	
cpd00977	CHEBI:61382	chebi_xref	PROTONATION_DIFF	UFJPAQSLHAGEBL-RRKCRQDMSA-K	UFJPAQSLHAGEBL-RRKCRQDMSA-J	135398615	O=c1[nH]cnc2c1ncn2[C@H]1C[C@H](O)[C@@H](COP(=O)([O-])OP(=O)(O)OP(=O)([O-])[O-])O1	
cpd00978	CHEBI:60471	chebi_xref	PROTONATION_DIFF	QHWZTVCCBMIIKE-SHYZEUOFSA-L	QHWZTVCCBMIIKE-SHYZEUOFSA-K	25246037	O=c1ccn([C@H]2C[C@H](O)[C@@H](COP(=O)([O-])OP(=O)([O-])O)O2)c(=O)[nH]1	
cpd00979	C01347	kegg_xref	PROTONATION_DIFF	ALCPNMZQIUFCEL-KVQBGUIXSA-L	ALCPNMZQIUFCEL-KVQBGUIXSA-N	439489	O=c1[nH]c(=O)c2ncn([C@H]3C[C@H](O)[C@@H](COP(=O)([O-])OP(=O)([O-])O)O3)c2[nH]1	
cpd00980	C01348	kegg_xref	PROTONATION_DIFF	WRTKMPONLHLBBL-KVQBGUIXSA-K	WRTKMPONLHLBBL-KVQBGUIXSA-N	439490	O=c1[nH]c(=O)c2ncn([C@H]3C[C@H](O)[C@@H](COP(=O)([O-])OP(=O)([O-])OP(=O)([O-])O)O3)c2[nH]1	
cpd00985	C01358	kegg_xref	PROTONATION_DIFF	VHUUQVKOLVNVRT-UHFFFAOYSA-O	VHUUQVKOLVNVRT-UHFFFAOYSA-N	14923	O.[NH4+]	
cpd01005	C01404	kegg_xref	PROTONATION_DIFF	AKGWUHIOEVNNPC-LURJTMIESA-P	AKGWUHIOEVNNPC-LURJTMIESA-N	439495	CCOC(=O)[C@@H]([NH3+])CCCNC(N)=[NH2+]	
cpd01009	C01410	kegg_xref	PROTONATION_DIFF	FYYSQDHBALBGHX-YFKPBYRVSA-M	FYYSQDHBALBGHX-YFKPBYRVSA-N	82035	CC(C)(C)OC(=O)N[C@@H](CC(N)=O)C(=O)[O-]	
cpd01017	CHEBI:61694	chebi_xref	PROTONATION_DIFF	ZUKPVRWZDMRIEO-VKHMYHEASA-M	ZUKPVRWZDMRIEO-VKHMYHEASA-N	7098621	[NH3+][C@@H](C[S-])C(=O)NCC(=O)[O-]	
cpd01021	C01425	kegg_xref	PROTONATION_DIFF	KOSRFJWDECSPRO-WDSKDSINSA-L	KOSRFJWDECSPRO-WDSKDSINSA-N	439500	[NH3+][C@@H](CCC(=O)[O-])C(=O)N[C@@H](CCC(=O)[O-])C(=O)[O-]	
cpd01028	CHEBI:57676	chebi_xref	PROTONATION_DIFF	UUNPIWCQMVNINR-UHFFFAOYSA-N	UUNPIWCQMVNINR-UHFFFAOYSA-M	25203706	COc1cc(O)cc2c1C(=O)c1c(O)cc(C)cc1C2=O	
cpd01029	CHEBI:77674	chebi_xref	PROTONATION_DIFF	WYROLENTHWJFLR-ACLDMZEESA-N	WYROLENTHWJFLR-ACLDMZEESA-O	135440067	Nc1nc2[nH]cc(CN[C@H]3C=C[C@H](O)[C@@H]3O)c2c(=O)[nH]1	
cpd01032	C01453	kegg_xref	PROTONATION_DIFF	YLJREFDVOIBQDA-UHFFFAOYSA-O	YLJREFDVOIBQDA-UHFFFAOYSA-N	1935	Nc1c2c([nH+]c3ccccc13)CCCC2	
cpd01033	C01454	kegg_xref	PROTONATION_DIFF	LPNBBFKOUUSUDB-UHFFFAOYSA-M	LPNBBFKOUUSUDB-UHFFFAOYSA-N	7470	Cc1ccc(C(=O)[O-])cc1	
cpd01037	C01458	kegg_xref	PROTONATION_DIFF	SBBWEQLNKVHYCX-JTQLQIEISA-O	SBBWEQLNKVHYCX-JTQLQIEISA-N	70364	CCOC(=O)[C@@H]([NH3+])Cc1ccc(O)cc1	
cpd01038	CHEBI:57963	chebi_xref	PROTONATION_DIFF	SGEWCQFRYRRZDC-VPRICQMDSA-L	SGEWCQFRYRRZDC-VPRICQMDSA-M	49791957	O=c1cc(-c2ccc(O)cc2)oc2c([C@@H]3O[C@H](CO)[C@@H](O)[C@H](O)[C@H]3O)c([O-])cc([O-])c12	
cpd01065	C01505	kegg_xref	PROTONATION_DIFF	FYSKZKQBTVLYEQ-FSLKYBNLSA-Q	FYSKZKQBTVLYEQ-FSLKYBNLSA-N	5311111	NC(=[NH2+])NCCC[C@H](NC(=O)[C@H](Cc1ccccc1)NC(=O)[C@@H]1CCCN1C(=O)[C@H](CO)NC(=O)[C@H](Cc1ccccc1)NC(=O)CNC(=O)[C@@H]1CCCN1C(=O)[C@@H]1CCCN1C(=O)[C@H](CCCNC(N)=[NH2+])NC(=O)[C@@H]([NH3+])CCCC[NH3+])C(=O)[O-]	
cpd01073	C01517	kegg_xref	PROTONATION_DIFF	CMWTZPSULFXXJA-VIFPVBQESA-M	CMWTZPSULFXXJA-VIFPVBQESA-N	156391	COc1ccc2cc([C@H](C)C(=O)[O-])ccc2c1	
