reaction_id	category	confidence	kegg_verdict	contradicting_markers	added
rxn04562	cosubstrate:PPi	high	kegg_incomplete		cpd00012
rxn15388	cosubstrate:PPi	high	kegg_incomplete		cpd00012
rxn15000	cosubstrate:Pi	high	kegg_incomplete		cpd00009
rxn06411	cosubstrate:Sulfate	high	kegg_incomplete		cpd00048
rxn16043	cosubstrate:Sulfate	high	kegg_incomplete		cpd00048
rxn07588	cosubstrate:CO2	low	validated		cpd00011
rxn04186	cosubstrate:PPi	low	validated		cpd00012
rxn04283	cosubstrate:PPi	low	validated		cpd00012
rxn07145	cosubstrate:CO2	review	kegg_incomplete		cpd00011
rxn07146	cosubstrate:CO2	review	kegg_incomplete		cpd00011
rxn07147	cosubstrate:CO2	review	kegg_incomplete		cpd00011
rxn07175	cosubstrate:CO2	review	kegg_incomplete		cpd00011
rxn07597	cosubstrate:CO2	review	kegg_incomplete		cpd00011
rxn12062	cosubstrate:CO2	review	kegg_incomplete		cpd00011
rxn12123	cosubstrate:CO2	review	kegg_incomplete		cpd00011
rxn15921	cosubstrate:CO2	review	kegg_incomplete		cpd00011
rxn05850	cosubstrate:NH4	review	kegg_incomplete		cpd00013
rxn07830	cosubstrate:NH4	review	kegg_incomplete		cpd00013
rxn12152	cosubstrate:NH4	review	kegg_incomplete		cpd00013
rxn39766	cosubstrate:NH4	review	kegg_incomplete		cpd00013
rxn04187	cosubstrate:PPi	review	kegg_incomplete		cpd00012
rxn04188	cosubstrate:PPi	review	kegg_incomplete		cpd00012
rxn04194	cosubstrate:PPi	review	kegg_incomplete		cpd00012
rxn11903	cosubstrate:PPi	review	kegg_incomplete		cpd00012
rxn11909	cosubstrate:PPi	review	kegg_incomplete		cpd00012
rxn02781	couple:methyl	high	validated		cpd00017,cpd00019
rxn04519	couple:methyl	high	validated		cpd00017,cpd00019
rxn04525	couple:methyl	high	validated		cpd00017,cpd00019
rxn04535	couple:methyl	high	validated		cpd00017,cpd00019
rxn04805	couple:methyl	high	validated		cpd00017,cpd00019
rxn07364	couple:methyl	high	validated		cpd00017,cpd00019
rxn07691	couple:methyl	high	kegg_incomplete		cpd00017,cpd00019
rxn07695	couple:methyl	high	kegg_incomplete		cpd00017,cpd00019
rxn07696	couple:methyl	high	kegg_incomplete		cpd00017,cpd00019
rxn07794	couple:methyl	high	validated		cpd00017,cpd00019
rxn12084	couple:methyl	high	validated		cpd00017,cpd00019
rxn02757	couple_agent:acetyl	agent	kegg_incomplete		cpd00022,cpd00010
rxn04364	couple_agent:acetyl	agent	kegg_incomplete		cpd00022,cpd00010
rxn04804	couple_agent:acetyl	agent	validated		cpd00022,cpd00010
rxn07818	couple_agent:acetyl	agent	kegg_incomplete		cpd00022,cpd00010
rxn12099	couple_agent:acetyl	agent	validated		cpd00022,cpd00010
rxn12176	couple_agent:acetyl	agent	kegg_incomplete		cpd00022,cpd00010
rxn04402	couple_agent:glucosyl	agent	validated		cpd00026,cpd00014
rxn04637	couple_agent:glucosyl	agent	kegg_incomplete		cpd00026,cpd00014
rxn04640	couple_agent:glucosyl	agent	kegg_incomplete		cpd00026,cpd00014
rxn05807	couple_agent:glucosyl	agent	kegg_incomplete		cpd00026,cpd00014
rxn05973	couple_agent:mannosyl	agent	kegg_incomplete		cpd00083,cpd00031
rxn06049	couple_agent:glucosyl	agent	kegg_incomplete		cpd00026,cpd00014
rxn06050	couple_agent:glucosyl	agent	kegg_incomplete		cpd00026,cpd00014
rxn06165	couple_agent:glucosyl	agent	kegg_incomplete		cpd00026,cpd00014
rxn06272	couple_agent:glucosyl	agent	kegg_incomplete		cpd00026,cpd00014
rxn06273	couple_agent:glucosyl	agent	kegg_incomplete		cpd00026,cpd00014
rxn07375	couple_agent:glucosyl	agent	kegg_incomplete		cpd00026,cpd00014
rxn07377	couple_agent:glucosyl	agent	kegg_incomplete		cpd00026,cpd00014
rxn07470	couple_agent:glucosyl	agent	kegg_incomplete		cpd00026,cpd00014
rxn07547	couple_agent:glucosyl	agent	kegg_incomplete		cpd00026,cpd00014
rxn07570	couple_agent:glucosyl	agent	kegg_incomplete		cpd00026,cpd00014
rxn07634	couple_agent:glucosyl	agent	kegg_incomplete		cpd00026,cpd00014
rxn07698	couple_agent:glucosyl	agent	kegg_incomplete		cpd00026,cpd00014
rxn07699	couple_agent:glucosyl	agent	kegg_incomplete		cpd00026,cpd00014
rxn07796	couple_agent:glucosyl	agent	validated		cpd00026,cpd00014
rxn07797	couple_agent:glucosyl	agent	validated		cpd00026,cpd00014
rxn11515	couple_agent:glucosyl	agent	kegg_incomplete		cpd00026,cpd00014
rxn14221	couple_agent:mannosyl	agent	kegg_incomplete		cpd00083,cpd00031
rxn14329	couple_agent:glucosyl	agent	kegg_incomplete		cpd00026,cpd00014
rxn15251	couple_agent:glucosyl	agent	kegg_incomplete		cpd00026,cpd00014
rxn35562	couple_agent:mannosyl	agent	kegg_incomplete		cpd00083,cpd00031
rxn35563	couple_agent:mannosyl	agent	kegg_incomplete		cpd00083,cpd00031
rxn02627	couple_agent:methyl	agent	kegg_contradicts	2-oxoglutarate,O2,succinate	cpd00017,cpd00019
rxn02964	couple_agent:methyl	agent	kegg_incomplete		cpd00017,cpd00019
rxn03370	couple_agent:methyl	agent	kegg_incomplete		cpd00017,cpd00019
rxn03475	couple_agent:methyl	agent	kegg_contradicts	2-oxoglutarate,O2,succinate	cpd00017,cpd00019
rxn03476	couple_agent:methyl	agent	kegg_contradicts	2-oxoglutarate,O2,succinate	cpd00017,cpd00019
rxn03480	couple_agent:methyl	agent	kegg_incomplete		cpd00017,cpd00019
rxn04117	couple_agent:methyl	agent	kegg_incomplete		cpd00017,cpd00019
rxn04119	couple_agent:methyl	agent	kegg_incomplete		cpd00017,cpd00019
rxn04403	couple_agent:methyl	agent	kegg_incomplete		cpd00017,cpd00019
rxn04404	couple_agent:methyl	agent	kegg_incomplete		cpd00017,cpd00019
rxn04486	couple_agent:methyl	agent	kegg_incomplete		cpd00017,cpd00019
rxn04489	couple_agent:methyl	agent	kegg_incomplete		cpd00017,cpd00019
rxn04533	couple_agent:methyl	agent	kegg_incomplete		cpd00017,cpd00019
rxn04538	couple_agent:methyl	agent	kegg_incomplete		cpd00017,cpd00019
rxn04541	couple_agent:methyl	agent	kegg_incomplete		cpd00017,cpd00019
rxn04569	couple_agent:methyl	agent	kegg_incomplete		cpd00017,cpd00019
rxn04801	couple_agent:methyl	agent	kegg_incomplete		cpd00017,cpd00019
rxn07339	couple_agent:methyl	agent	kegg_incomplete		cpd00017,cpd00019
rxn07508	couple_agent:methyl	agent	kegg_incomplete		cpd00017,cpd00019
rxn07531	couple_agent:methyl	agent	kegg_incomplete		cpd00017,cpd00019
rxn07564	couple_agent:methyl	agent	validated		cpd00017,cpd00019
rxn07733	couple_agent:methyl	agent	kegg_incomplete		cpd00017,cpd00019
rxn07802	couple_agent:methyl	agent	kegg_incomplete		cpd00017,cpd00019
rxn07819	couple_agent:methyl	agent	kegg_incomplete		cpd00017,cpd00019
rxn07821	couple_agent:methyl	agent	kegg_incomplete		cpd00017,cpd00019
rxn11533	couple_agent:methyl	agent	validated		cpd00017,cpd00019
rxn11796	couple_agent:methyl	agent	kegg_incomplete		cpd00017,cpd00019
rxn11797	couple_agent:methyl	agent	kegg_incomplete		cpd00017,cpd00019
rxn11800	couple_agent:methyl	agent	kegg_incomplete		cpd00017,cpd00019
rxn11868	couple_agent:methyl	agent	kegg_incomplete		cpd00017,cpd00019
rxn11869	couple_agent:methyl	agent	kegg_incomplete		cpd00017,cpd00019
rxn11870	couple_agent:methyl	agent	kegg_incomplete		cpd00017,cpd00019
rxn11872	couple_agent:methyl	agent	kegg_incomplete		cpd00017,cpd00019
rxn12098	couple_agent:methyl	agent	kegg_incomplete		cpd00017,cpd00019
rxn15637	couple_agent:methyl	agent	kegg_incomplete		cpd00017,cpd00019
rxn16693	couple_agent:methyl	agent	kegg_incomplete		cpd00017,cpd00019
